cohort_date,variant,retained_users,day_n,cohort_size,retention_rate
2025-01-01,control,1,1,1,1.0
2025-01-01,treatment,1,1,1,1.0
2025-01-01,control,0,7,1,0.0
2025-01-01,treatment,1,7,1,1.0
2025-01-01,control,0,30,1,0.0
2025-01-01,treatment,1,30,1,1.0
2025-01-02,control,1,1,1,1.0
2025-01-02,treatment,0,1,1,0.0
2025-01-02,control,1,7,1,1.0
2025-01-02,treatment,1,7,1,1.0
2025-01-02,control,1,30,1,1.0
2025-01-02,treatment,0,30,1,0.0
2025-01-03,control,1,1,1,1.0
2025-01-03,treatment,1,1,1,1.0
2025-01-03,control,0,7,1,0.0
2025-01-03,treatment,0,7,1,0.0
2025-01-03,control,1,30,1,1.0
2025-01-03,treatment,0,30,1,0.0
2025-01-04,control,0,1,1,0.0
2025-01-04,treatment,0,1,1,0.0
2025-01-04,control,0,7,1,0.0
2025-01-04,treatment,0,7,1,0.0
2025-01-04,control,0,30,1,0.0
2025-01-04,treatment,0,30,1,0.0
2025-01-05,control,0,1,1,0.0
2025-01-05,treatment,0,1,1,0.0
2025-01-05,control,0,7,1,0.0
2025-01-05,treatment,1,7,1,1.0
2025-01-05,control,0,30,1,0.0
2025-01-05,treatment,0,30,1,0.0
2025-01-06,control,0,1,1,0.0
2025-01-06,treatment,0,1,1,0.0
2025-01-06,control,0,7,1,0.0
2025-01-06,treatment,0,7,1,0.0
2025-01-06,control,0,30,1,0.0
2025-01-06,treatment,0,30,1,0.0
2025-01-07,control,1,1,1,1.0
2025-01-07,treatment,0,1,1,0.0
2025-01-07,control,1,7,1,1.0
2025-01-07,treatment,0,7,1,0.0
2025-01-07,control,1,30,1,1.0
2025-01-07,treatment,0,30,1,0.0
2025-01-08,control,1,1,1,1.0
2025-01-08,treatment,0,1,1,0.0
2025-01-08,control,0,7,1,0.0
2025-01-08,treatment,0,7,1,0.0
2025-01-08,control,0,30,1,0.0
2025-01-08,treatment,0,30,1,0.0
2025-01-09,control,0,1,1,0.0
2025-01-09,treatment,1,1,1,1.0
2025-01-09,control,0,7,1,0.0
2025-01-09,treatment,0,7,1,0.0
2025-01-09,control,0,30,1,0.0
2025-01-09,treatment,1,30,1,1.0
2025-01-10,control,0,1,1,0.0
2025-01-10,treatment,0,1,1,0.0
2025-01-10,control,1,7,1,1.0
2025-01-10,treatment,1,7,1,1.0
2025-01-10,control,1,30,1,1.0
2025-01-10,treatment,0,30,1,0.0
2025-01-11,control,1,1,1,1.0
2025-01-11,treatment,0,1,1,0.0
2025-01-11,control,1,7,1,1.0
2025-01-11,treatment,0,7,1,0.0
2025-01-11,control,0,30,1,0.0
2025-01-11,treatment,0,30,1,0.0
2025-01-12,control,1,1,1,1.0
2025-01-12,treatment,0,1,1,0.0
2025-01-12,control,0,7,1,0.0
2025-01-12,treatment,1,7,1,1.0
2025-01-12,control,0,30,1,0.0
2025-01-12,treatment,0,30,1,0.0
2025-01-13,control,1,1,1,1.0
2025-01-13,treatment,0,1,1,0.0
2025-01-13,control,1,7,1,1.0
2025-01-13,treatment,0,7,1,0.0
2025-01-13,control,0,30,1,0.0
2025-01-13,treatment,0,30,1,0.0
2025-01-14,control,0,1,1,0.0
2025-01-14,treatment,0,1,1,0.0
2025-01-14,control,0,7,1,0.0
2025-01-14,treatment,0,7,1,0.0
2025-01-14,control,0,30,1,0.0
2025-01-14,treatment,0,30,1,0.0
2025-01-15,control,0,1,1,0.0
2025-01-15,treatment,0,1,1,0.0
2025-01-15,control,0,7,1,0.0
2025-01-15,treatment,0,7,1,0.0
2025-01-15,control,0,30,1,0.0
2025-01-15,treatment,0,30,1,0.0
2025-01-16,control,0,1,1,0.0
2025-01-16,treatment,1,1,1,1.0
2025-01-16,control,0,7,1,0.0
2025-01-16,treatment,0,7,1,0.0
2025-01-16,control,0,30,1,0.0
2025-01-16,treatment,0,30,1,0.0
2025-01-17,control,0,1,1,0.0
2025-01-17,treatment,0,1,1,0.0
2025-01-17,control,0,7,1,0.0
2025-01-17,treatment,1,7,1,1.0
2025-01-17,control,0,30,1,0.0
2025-01-17,treatment,0,30,1,0.0
2025-01-18,control,0,1,1,0.0
2025-01-18,treatment,0,1,1,0.0
2025-01-18,control,1,7,1,1.0
2025-01-18,treatment,0,7,1,0.0
2025-01-18,control,0,30,1,0.0
2025-01-18,treatment,0,30,1,0.0
2025-01-19,control,0,1,1,0.0
2025-01-19,treatment,0,1,1,0.0
2025-01-19,control,0,7,1,0.0
2025-01-19,treatment,0,7,1,0.0
2025-01-19,control,0,30,1,0.0
2025-01-19,treatment,0,30,1,0.0
2025-01-20,control,0,1,1,0.0
2025-01-20,treatment,0,1,1,0.0
2025-01-20,control,0,7,1,0.0
2025-01-20,treatment,1,7,1,1.0
2025-01-20,control,0,30,1,0.0
2025-01-20,treatment,0,30,1,0.0
2025-01-21,control,1,1,1,1.0
2025-01-21,treatment,0,1,1,0.0
2025-01-21,control,0,7,1,0.0
2025-01-21,treatment,0,7,1,0.0
2025-01-21,control,0,30,1,0.0
2025-01-21,treatment,0,30,1,0.0
2025-01-22,control,1,1,1,1.0
2025-01-22,treatment,0,1,1,0.0
2025-01-22,control,1,7,1,1.0
2025-01-22,treatment,0,7,1,0.0
2025-01-22,control,0,30,1,0.0
2025-01-22,treatment,0,30,1,0.0
2025-01-23,control,1,1,1,1.0
2025-01-23,treatment,0,1,1,0.0
2025-01-23,control,1,7,1,1.0
2025-01-23,treatment,0,7,1,0.0
2025-01-23,control,0,30,1,0.0
2025-01-23,treatment,0,30,1,0.0
2025-01-24,control,0,1,1,0.0
2025-01-24,treatment,0,1,1,0.0
2025-01-24,control,0,7,1,0.0
2025-01-24,treatment,0,7,1,0.0
2025-01-24,control,1,30,1,1.0
2025-01-24,treatment,1,30,1,1.0
2025-01-25,control,0,1,1,0.0
2025-01-25,treatment,0,1,1,0.0
2025-01-25,control,0,7,1,0.0
2025-01-25,treatment,0,7,1,0.0
2025-01-25,control,0,30,1,0.0
2025-01-25,treatment,0,30,1,0.0
2025-01-26,control,1,1,1,1.0
2025-01-26,treatment,1,1,1,1.0
2025-01-26,control,0,7,1,0.0
2025-01-26,treatment,0,7,1,0.0
2025-01-26,control,0,30,1,0.0
2025-01-26,treatment,0,30,1,0.0
2025-01-27,control,1,1,1,1.0
2025-01-27,treatment,0,1,1,0.0
2025-01-27,control,1,7,1,1.0
2025-01-27,treatment,0,7,1,0.0
2025-01-27,control,0,30,1,0.0
2025-01-27,treatment,0,30,1,0.0
2025-01-28,control,0,1,1,0.0
2025-01-28,treatment,1,1,1,1.0
2025-01-28,control,0,7,1,0.0
2025-01-28,treatment,1,7,1,1.0
2025-01-28,control,1,30,1,1.0
2025-01-28,treatment,0,30,1,0.0
2025-01-29,control,1,1,1,1.0
2025-01-29,treatment,0,1,1,0.0
2025-01-29,control,1,7,1,1.0
2025-01-29,treatment,0,7,1,0.0
2025-01-29,control,0,30,1,0.0
2025-01-29,treatment,0,30,1,0.0
2025-01-30,control,0,1,1,0.0
2025-01-30,treatment,0,1,1,0.0
2025-01-30,control,0,7,1,0.0
2025-01-30,treatment,0,7,1,0.0
2025-01-30,control,0,30,1,0.0
2025-01-30,treatment,0,30,1,0.0
2025-01-31,control,0,1,1,0.0
2025-01-31,treatment,0,1,1,0.0
2025-01-31,control,0,7,1,0.0
2025-01-31,treatment,0,7,1,0.0
2025-01-31,control,0,30,1,0.0
2025-01-31,treatment,0,30,1,0.0
2025-02-01,control,0,1,1,0.0
2025-02-01,treatment,1,1,1,1.0
2025-02-01,control,0,7,1,0.0
2025-02-01,treatment,0,7,1,0.0
2025-02-01,control,0,30,1,0.0
2025-02-01,treatment,0,30,1,0.0
2025-02-02,control,1,1,1,1.0
2025-02-02,treatment,0,1,1,0.0
2025-02-02,control,0,7,1,0.0
2025-02-02,treatment,0,7,1,0.0
2025-02-02,control,0,30,1,0.0
2025-02-02,treatment,0,30,1,0.0
2025-02-03,control,0,1,1,0.0
2025-02-03,treatment,1,1,1,1.0
2025-02-03,control,0,7,1,0.0
2025-02-03,treatment,0,7,1,0.0
2025-02-03,control,0,30,1,0.0
2025-02-03,treatment,0,30,1,0.0
2025-02-04,control,0,1,1,0.0
2025-02-04,treatment,0,1,1,0.0
2025-02-04,control,1,7,1,1.0
2025-02-04,treatment,0,7,1,0.0
2025-02-04,control,0,30,1,0.0
2025-02-04,treatment,0,30,1,0.0
2025-02-05,control,1,1,1,1.0
2025-02-05,treatment,0,1,1,0.0
2025-02-05,control,0,7,1,0.0
2025-02-05,treatment,0,7,1,0.0
2025-02-05,control,0,30,1,0.0
2025-02-05,treatment,1,30,1,1.0
2025-02-06,control,0,1,1,0.0
2025-02-06,treatment,1,1,1,1.0
2025-02-06,control,0,7,1,0.0
2025-02-06,treatment,0,7,1,0.0
2025-02-06,control,0,30,1,0.0
2025-02-06,treatment,0,30,1,0.0
2025-02-07,control,1,1,1,1.0
2025-02-07,treatment,1,1,1,1.0
2025-02-07,control,0,7,1,0.0
2025-02-07,treatment,0,7,1,0.0
2025-02-07,control,0,30,1,0.0
2025-02-07,treatment,0,30,1,0.0
2025-02-08,control,0,1,1,0.0
2025-02-08,treatment,1,1,1,1.0
2025-02-08,control,0,7,1,0.0
2025-02-08,treatment,0,7,1,0.0
2025-02-08,control,0,30,1,0.0
2025-02-08,treatment,1,30,1,1.0
2025-02-09,control,0,1,1,0.0
2025-02-09,treatment,1,1,1,1.0
2025-02-09,control,0,7,1,0.0
2025-02-09,treatment,0,7,1,0.0
2025-02-09,control,1,30,1,1.0
2025-02-09,treatment,0,30,1,0.0
2025-02-10,control,0,1,1,0.0
2025-02-10,treatment,0,1,1,0.0
2025-02-10,control,0,7,1,0.0
2025-02-10,treatment,1,7,1,1.0
2025-02-10,control,0,30,1,0.0
2025-02-10,treatment,0,30,1,0.0
2025-02-11,control,1,1,1,1.0
2025-02-11,treatment,1,1,1,1.0
2025-02-11,control,1,7,1,1.0
2025-02-11,treatment,0,7,1,0.0
2025-02-11,control,1,30,1,1.0
2025-02-11,treatment,0,30,1,0.0
2025-02-12,control,1,1,1,1.0
2025-02-12,treatment,0,1,1,0.0
2025-02-12,control,0,7,1,0.0
2025-02-12,treatment,0,7,1,0.0
2025-02-12,control,0,30,1,0.0
2025-02-12,treatment,0,30,1,0.0
2025-02-13,control,0,1,1,0.0
2025-02-13,treatment,1,1,1,1.0
2025-02-13,control,0,7,1,0.0
2025-02-13,treatment,0,7,1,0.0
2025-02-13,control,0,30,1,0.0
2025-02-13,treatment,0,30,1,0.0
2025-02-14,control,0,1,1,0.0
2025-02-14,treatment,0,1,1,0.0
2025-02-14,control,0,7,1,0.0
2025-02-14,treatment,0,7,1,0.0
2025-02-14,control,0,30,1,0.0
2025-02-14,treatment,0,30,1,0.0
2025-02-15,control,1,1,1,1.0
2025-02-15,treatment,0,1,1,0.0
2025-02-15,control,0,7,1,0.0
2025-02-15,treatment,0,7,1,0.0
2025-02-15,control,0,30,1,0.0
2025-02-15,treatment,1,30,1,1.0
2025-02-16,control,0,1,1,0.0
2025-02-16,treatment,0,1,1,0.0
2025-02-16,control,0,7,1,0.0
2025-02-16,treatment,0,7,1,0.0
2025-02-16,control,1,30,1,1.0
2025-02-16,treatment,0,30,1,0.0
2025-02-17,control,0,1,1,0.0
2025-02-17,treatment,0,1,1,0.0
2025-02-17,control,0,7,1,0.0
2025-02-17,treatment,0,7,1,0.0
2025-02-17,control,0,30,1,0.0
2025-02-17,treatment,1,30,1,1.0
2025-02-18,control,1,1,1,1.0
2025-02-18,treatment,0,1,1,0.0
2025-02-18,control,0,7,1,0.0
2025-02-18,treatment,0,7,1,0.0
2025-02-18,control,0,30,1,0.0
2025-02-18,treatment,0,30,1,0.0
2025-02-19,control,1,1,1,1.0
2025-02-19,treatment,1,1,1,1.0
2025-02-19,control,1,7,1,1.0
2025-02-19,treatment,0,7,1,0.0
2025-02-19,control,0,30,1,0.0
2025-02-19,treatment,0,30,1,0.0
2025-02-20,control,1,1,1,1.0
2025-02-20,treatment,1,1,1,1.0
2025-02-20,control,1,7,1,1.0
2025-02-20,treatment,0,7,1,0.0
2025-02-20,control,0,30,1,0.0
2025-02-20,treatment,1,30,1,1.0
2025-02-21,control,0,1,1,0.0
2025-02-21,treatment,0,1,1,0.0
2025-02-21,control,1,7,1,1.0
2025-02-21,treatment,1,7,1,1.0
2025-02-21,control,0,30,1,0.0
2025-02-21,treatment,0,30,1,0.0
2025-02-22,control,0,1,1,0.0
2025-02-22,treatment,1,1,1,1.0
2025-02-22,control,0,7,1,0.0
2025-02-22,treatment,0,7,1,0.0
2025-02-22,control,1,30,1,1.0
2025-02-22,treatment,0,30,1,0.0
2025-02-23,control,0,1,1,0.0
2025-02-23,treatment,1,1,1,1.0
2025-02-23,control,0,7,1,0.0
2025-02-23,treatment,0,7,1,0.0
2025-02-23,control,0,30,1,0.0
2025-02-23,treatment,0,30,1,0.0
2025-02-24,control,0,1,1,0.0
2025-02-24,treatment,0,1,1,0.0
2025-02-24,control,0,7,1,0.0
2025-02-24,treatment,0,7,1,0.0
2025-02-24,control,0,30,1,0.0
2025-02-24,treatment,0,30,1,0.0
2025-02-25,control,0,1,1,0.0
2025-02-25,treatment,1,1,1,1.0
2025-02-25,control,0,7,1,0.0
2025-02-25,treatment,0,7,1,0.0
2025-02-25,control,0,30,1,0.0
2025-02-25,treatment,0,30,1,0.0
2025-02-26,control,0,1,1,0.0
2025-02-26,treatment,0,1,1,0.0
2025-02-26,control,0,7,1,0.0
2025-02-26,treatment,0,7,1,0.0
2025-02-26,control,0,30,1,0.0
2025-02-26,treatment,0,30,1,0.0
2025-02-27,control,1,1,1,1.0
2025-02-27,treatment,0,1,1,0.0
2025-02-27,control,0,7,1,0.0
2025-02-27,treatment,0,7,1,0.0
2025-02-27,control,1,30,1,1.0
2025-02-27,treatment,0,30,1,0.0
2025-02-28,control,0,1,1,0.0
2025-02-28,treatment,0,1,1,0.0
2025-02-28,control,0,7,1,0.0
2025-02-28,treatment,0,7,1,0.0
2025-02-28,control,1,30,1,1.0
2025-02-28,treatment,0,30,1,0.0
2025-03-01,control,1,1,1,1.0
2025-03-01,treatment,0,1,1,0.0
2025-03-01,control,0,7,1,0.0
2025-03-01,treatment,0,7,1,0.0
2025-03-01,control,0,30,1,0.0
2025-03-01,treatment,0,30,1,0.0
2025-03-02,control,0,1,1,0.0
2025-03-02,treatment,0,1,1,0.0
2025-03-02,control,0,7,1,0.0
2025-03-02,treatment,0,7,1,0.0
2025-03-02,control,0,30,1,0.0
2025-03-02,treatment,0,30,1,0.0
2025-03-03,control,0,1,1,0.0
2025-03-03,treatment,0,1,1,0.0
2025-03-03,control,0,7,1,0.0
2025-03-03,treatment,0,7,1,0.0
2025-03-03,control,0,30,1,0.0
2025-03-03,treatment,1,30,1,1.0
2025-03-04,control,1,1,1,1.0
2025-03-04,treatment,0,1,1,0.0
2025-03-04,control,1,7,1,1.0
2025-03-04,treatment,1,7,1,1.0
2025-03-04,control,0,30,1,0.0
2025-03-04,treatment,0,30,1,0.0
2025-03-05,control,1,1,1,1.0
2025-03-05,treatment,0,1,1,0.0
2025-03-05,control,0,7,1,0.0
2025-03-05,treatment,0,7,1,0.0
2025-03-05,control,0,30,1,0.0
2025-03-05,treatment,0,30,1,0.0
2025-03-06,control,0,1,1,0.0
2025-03-06,treatment,0,1,1,0.0
2025-03-06,control,0,7,1,0.0
2025-03-06,treatment,0,7,1,0.0
2025-03-06,control,1,30,1,1.0
2025-03-06,treatment,0,30,1,0.0
2025-03-07,control,0,1,1,0.0
2025-03-07,treatment,1,1,1,1.0
2025-03-07,control,0,7,1,0.0
2025-03-07,treatment,0,7,1,0.0
2025-03-07,control,0,30,1,0.0
2025-03-07,treatment,1,30,1,1.0
2025-03-08,control,0,1,1,0.0
2025-03-08,treatment,0,1,1,0.0
2025-03-08,control,1,7,1,1.0
2025-03-08,treatment,1,7,1,1.0
2025-03-08,control,0,30,1,0.0
2025-03-08,treatment,0,30,1,0.0
2025-03-09,control,0,1,1,0.0
2025-03-09,treatment,0,1,1,0.0
2025-03-09,control,0,7,1,0.0
2025-03-09,treatment,1,7,1,1.0
2025-03-09,control,0,30,1,0.0
2025-03-09,treatment,0,30,1,0.0
2025-03-10,control,1,1,1,1.0
2025-03-10,treatment,0,1,1,0.0
2025-03-10,control,0,7,1,0.0
2025-03-10,treatment,0,7,1,0.0
2025-03-10,control,0,30,1,0.0
2025-03-10,treatment,0,30,1,0.0
2025-03-11,control,0,1,1,0.0
2025-03-11,treatment,0,1,1,0.0
2025-03-11,control,0,7,1,0.0
2025-03-11,treatment,0,7,1,0.0
2025-03-11,control,0,30,1,0.0
2025-03-11,treatment,0,30,1,0.0
2025-03-12,control,0,1,1,0.0
2025-03-12,treatment,1,1,1,1.0
2025-03-12,control,0,7,1,0.0
2025-03-12,treatment,1,7,1,1.0
2025-03-12,control,1,30,1,1.0
2025-03-12,treatment,0,30,1,0.0
2025-03-13,control,0,1,1,0.0
2025-03-13,treatment,0,1,1,0.0
2025-03-13,control,0,7,1,0.0
2025-03-13,treatment,1,7,1,1.0
2025-03-13,control,0,30,1,0.0
2025-03-13,treatment,0,30,1,0.0
2025-03-14,control,0,1,1,0.0
2025-03-14,treatment,0,1,1,0.0
2025-03-14,control,0,7,1,0.0
2025-03-14,treatment,0,7,1,0.0
2025-03-14,control,0,30,1,0.0
2025-03-14,treatment,0,30,1,0.0
2025-03-15,control,0,1,1,0.0
2025-03-15,treatment,0,1,1,0.0
2025-03-15,control,0,7,1,0.0
2025-03-15,treatment,0,7,1,0.0
2025-03-15,control,0,30,1,0.0
2025-03-15,treatment,1,30,1,1.0
2025-03-16,control,1,1,1,1.0
2025-03-16,treatment,0,1,1,0.0
2025-03-16,control,0,7,1,0.0
2025-03-16,treatment,1,7,1,1.0
2025-03-16,control,0,30,1,0.0
2025-03-16,treatment,0,30,1,0.0
2025-03-17,control,1,1,1,1.0
2025-03-17,treatment,1,1,1,1.0
2025-03-17,control,0,7,1,0.0
2025-03-17,treatment,1,7,1,1.0
2025-03-17,control,0,30,1,0.0
2025-03-17,treatment,0,30,1,0.0
2025-03-18,control,1,1,1,1.0
2025-03-18,treatment,0,1,1,0.0
2025-03-18,control,0,7,1,0.0
2025-03-18,treatment,0,7,1,0.0
2025-03-18,control,1,30,1,1.0
2025-03-18,treatment,0,30,1,0.0
2025-03-19,control,0,1,1,0.0
2025-03-19,treatment,0,1,1,0.0
2025-03-19,control,1,7,1,1.0
2025-03-19,treatment,0,7,1,0.0
2025-03-19,control,0,30,1,0.0
2025-03-19,treatment,0,30,1,0.0
2025-03-20,control,0,1,1,0.0
2025-03-20,treatment,1,1,1,1.0
2025-03-20,control,0,7,1,0.0
2025-03-20,treatment,0,7,1,0.0
2025-03-20,control,1,30,1,1.0
2025-03-20,treatment,0,30,1,0.0
2025-03-21,control,1,1,1,1.0
2025-03-21,treatment,0,1,1,0.0
2025-03-21,control,0,7,1,0.0
2025-03-21,treatment,1,7,1,1.0
2025-03-21,control,0,30,1,0.0
2025-03-21,treatment,0,30,1,0.0
2025-03-22,control,1,1,1,1.0
2025-03-22,treatment,0,1,1,0.0
2025-03-22,control,0,7,1,0.0
2025-03-22,treatment,0,7,1,0.0
2025-03-22,control,0,30,1,0.0
2025-03-22,treatment,0,30,1,0.0
2025-03-23,control,0,1,1,0.0
2025-03-23,treatment,0,1,1,0.0
2025-03-23,control,1,7,1,1.0
2025-03-23,treatment,0,7,1,0.0
2025-03-23,control,0,30,1,0.0
2025-03-23,treatment,0,30,1,0.0
2025-03-24,control,0,1,1,0.0
2025-03-24,treatment,0,1,1,0.0
2025-03-24,control,0,7,1,0.0
2025-03-24,treatment,1,7,1,1.0
2025-03-24,control,1,30,1,1.0
2025-03-24,treatment,0,30,1,0.0
2025-03-25,control,0,1,1,0.0
2025-03-25,treatment,1,1,1,1.0
2025-03-25,control,0,7,1,0.0
2025-03-25,treatment,1,7,1,1.0
2025-03-25,control,0,30,1,0.0
2025-03-25,treatment,0,30,1,0.0
2025-03-26,control,0,1,1,0.0
2025-03-26,treatment,0,1,1,0.0
2025-03-26,control,1,7,1,1.0
2025-03-26,treatment,0,7,1,0.0
2025-03-26,control,1,30,1,1.0
2025-03-26,treatment,0,30,1,0.0
2025-03-27,control,0,1,1,0.0
2025-03-27,treatment,0,1,1,0.0
2025-03-27,control,1,7,1,1.0
2025-03-27,treatment,0,7,1,0.0
2025-03-27,control,1,30,1,1.0
2025-03-27,treatment,0,30,1,0.0
2025-03-28,control,0,1,1,0.0
2025-03-28,treatment,1,1,1,1.0
2025-03-28,control,0,7,1,0.0
2025-03-28,treatment,0,7,1,0.0
2025-03-28,control,1,30,1,1.0
2025-03-28,treatment,0,30,1,0.0
2025-03-29,control,0,1,1,0.0
2025-03-29,treatment,0,1,1,0.0
2025-03-29,control,0,7,1,0.0
2025-03-29,treatment,0,7,1,0.0
2025-03-29,control,0,30,1,0.0
2025-03-29,treatment,0,30,1,0.0
2025-03-30,control,0,1,1,0.0
2025-03-30,treatment,0,1,1,0.0
2025-03-30,control,0,7,1,0.0
2025-03-30,treatment,1,7,1,1.0
2025-03-30,control,0,30,1,0.0
2025-03-30,treatment,0,30,1,0.0
2025-03-31,control,1,1,1,1.0
2025-03-31,treatment,1,1,1,1.0
2025-03-31,control,0,7,1,0.0
2025-03-31,treatment,0,7,1,0.0
2025-03-31,control,0,30,1,0.0
2025-03-31,treatment,0,30,1,0.0
2025-04-01,control,0,1,1,0.0
2025-04-01,treatment,0,1,1,0.0
2025-04-01,control,0,7,1,0.0
2025-04-01,treatment,0,7,1,0.0
2025-04-01,control,0,30,1,0.0
2025-04-01,treatment,0,30,1,0.0
2025-04-02,control,0,1,1,0.0
2025-04-02,treatment,1,1,1,1.0
2025-04-02,control,0,7,1,0.0
2025-04-02,treatment,0,7,1,0.0
2025-04-02,control,0,30,1,0.0
2025-04-02,treatment,1,30,1,1.0
2025-04-03,control,1,1,1,1.0
2025-04-03,treatment,0,1,1,0.0
2025-04-03,control,0,7,1,0.0
2025-04-03,treatment,0,7,1,0.0
2025-04-03,control,0,30,1,0.0
2025-04-03,treatment,1,30,1,1.0
2025-04-04,control,0,1,1,0.0
2025-04-04,treatment,0,1,1,0.0
2025-04-04,control,0,7,1,0.0
2025-04-04,treatment,0,7,1,0.0
2025-04-04,control,0,30,1,0.0
2025-04-04,treatment,1,30,1,1.0
2025-04-05,control,1,1,1,1.0
2025-04-05,treatment,1,1,1,1.0
2025-04-05,control,1,7,1,1.0
2025-04-05,treatment,0,7,1,0.0
2025-04-05,control,0,30,1,0.0
2025-04-05,treatment,1,30,1,1.0
2025-04-06,control,0,1,1,0.0
2025-04-06,treatment,0,1,1,0.0
2025-04-06,control,1,7,1,1.0
2025-04-06,treatment,0,7,1,0.0
2025-04-06,control,0,30,1,0.0
2025-04-06,treatment,0,30,1,0.0
2025-04-07,control,0,1,1,0.0
2025-04-07,treatment,0,1,1,0.0
2025-04-07,control,0,7,1,0.0
2025-04-07,treatment,0,7,1,0.0
2025-04-07,control,1,30,1,1.0
2025-04-07,treatment,0,30,1,0.0
2025-04-08,control,0,1,1,0.0
2025-04-08,treatment,1,1,1,1.0
2025-04-08,control,0,7,1,0.0
2025-04-08,treatment,0,7,1,0.0
2025-04-08,control,1,30,1,1.0
2025-04-08,treatment,0,30,1,0.0
2025-04-09,control,0,1,1,0.0
2025-04-09,treatment,0,1,1,0.0
2025-04-09,control,0,7,1,0.0
2025-04-09,treatment,0,7,1,0.0
2025-04-09,control,0,30,1,0.0
2025-04-09,treatment,0,30,1,0.0
2025-04-10,control,0,1,2,0.0
2025-04-10,treatment,1,1,2,0.5
2025-04-10,control,1,7,2,0.5
2025-04-10,treatment,0,7,2,0.0
2025-04-10,control,1,30,2,0.5
2025-04-10,treatment,0,30,2,0.0
2025-04-11,control,0,1,1,0.0
2025-04-11,treatment,0,1,1,0.0
2025-04-11,control,0,7,1,0.0
2025-04-11,treatment,0,7,1,0.0
2025-04-11,control,1,30,1,1.0
2025-04-11,treatment,0,30,1,0.0
2025-04-12,control,1,1,1,1.0
2025-04-12,treatment,1,1,1,1.0
2025-04-12,control,1,7,1,1.0
2025-04-12,treatment,1,7,1,1.0
2025-04-12,control,0,30,1,0.0
2025-04-12,treatment,0,30,1,0.0
2025-04-13,control,0,1,1,0.0
2025-04-13,treatment,1,1,1,1.0
2025-04-13,control,0,7,1,0.0
2025-04-13,treatment,0,7,1,0.0
2025-04-13,control,1,30,1,1.0
2025-04-13,treatment,0,30,1,0.0
2025-04-14,control,1,1,1,1.0
2025-04-14,treatment,1,1,1,1.0
2025-04-14,control,1,7,1,1.0
2025-04-14,treatment,0,7,1,0.0
2025-04-14,control,1,30,1,1.0
2025-04-14,treatment,1,30,1,1.0
2025-04-15,control,0,1,1,0.0
2025-04-15,treatment,0,1,1,0.0
2025-04-15,control,0,7,1,0.0
2025-04-15,treatment,0,7,1,0.0
2025-04-15,control,0,30,1,0.0
2025-04-15,treatment,0,30,1,0.0
2025-04-16,control,1,1,1,1.0
2025-04-16,treatment,1,1,1,1.0
2025-04-16,control,0,7,1,0.0
2025-04-16,treatment,1,7,1,1.0
2025-04-16,control,0,30,1,0.0
2025-04-16,treatment,0,30,1,0.0
2025-04-17,control,0,1,1,0.0
2025-04-17,treatment,1,1,1,1.0
2025-04-17,control,0,7,1,0.0
2025-04-17,treatment,0,7,1,0.0
2025-04-17,control,0,30,1,0.0
2025-04-17,treatment,0,30,1,0.0
2025-04-18,control,0,1,1,0.0
2025-04-18,treatment,0,1,1,0.0
2025-04-18,control,0,7,1,0.0
2025-04-18,treatment,0,7,1,0.0
2025-04-18,control,0,30,1,0.0
2025-04-18,treatment,0,30,1,0.0
2025-04-19,control,0,1,1,0.0
2025-04-19,treatment,0,1,1,0.0
2025-04-19,control,0,7,1,0.0
2025-04-19,treatment,0,7,1,0.0
2025-04-19,control,0,30,1,0.0
2025-04-19,treatment,0,30,1,0.0
2025-04-20,control,1,1,1,1.0
2025-04-20,treatment,0,1,1,0.0
2025-04-20,control,1,7,1,1.0
2025-04-20,treatment,1,7,1,1.0
2025-04-20,control,1,30,1,1.0
2025-04-20,treatment,0,30,1,0.0
2025-04-21,control,0,1,1,0.0
2025-04-21,treatment,1,1,1,1.0
2025-04-21,control,0,7,1,0.0
2025-04-21,treatment,1,7,1,1.0
2025-04-21,control,0,30,1,0.0
2025-04-21,treatment,0,30,1,0.0
2025-04-22,control,1,1,1,1.0
2025-04-22,treatment,0,1,1,0.0
2025-04-22,control,0,7,1,0.0
2025-04-22,treatment,0,7,1,0.0
2025-04-22,control,0,30,1,0.0
2025-04-22,treatment,1,30,1,1.0
2025-04-23,control,1,1,1,1.0
2025-04-23,treatment,0,1,1,0.0
2025-04-23,control,0,7,1,0.0
2025-04-23,treatment,0,7,1,0.0
2025-04-23,control,1,30,1,1.0
2025-04-23,treatment,0,30,1,0.0
2025-04-24,control,0,1,1,0.0
2025-04-24,treatment,1,1,1,1.0
2025-04-24,control,1,7,1,1.0
2025-04-24,treatment,0,7,1,0.0
2025-04-24,control,0,30,1,0.0
2025-04-24,treatment,0,30,1,0.0
2025-04-25,control,0,1,1,0.0
2025-04-25,treatment,2,1,2,1.0
2025-04-25,control,1,7,1,1.0
2025-04-25,treatment,1,7,2,0.5
2025-04-25,control,0,30,1,0.0
2025-04-25,treatment,1,30,2,0.5
2025-04-26,control,1,1,1,1.0
2025-04-26,treatment,1,1,1,1.0
2025-04-26,control,1,7,1,1.0
2025-04-26,treatment,0,7,1,0.0
2025-04-26,control,0,30,1,0.0
2025-04-26,treatment,0,30,1,0.0
2025-04-27,control,1,1,2,0.5
2025-04-27,treatment,2,1,3,0.6666666666666666
2025-04-27,control,2,7,2,1.0
2025-04-27,treatment,1,7,3,0.3333333333333333
2025-04-27,control,0,30,2,0.0
2025-04-27,treatment,0,30,3,0.0
2025-04-28,control,0,1,1,0.0
2025-04-28,treatment,0,1,1,0.0
2025-04-28,control,0,7,1,0.0
2025-04-28,treatment,1,7,1,1.0
2025-04-28,control,1,30,1,1.0
2025-04-28,treatment,1,30,1,1.0
2025-04-29,control,0,1,1,0.0
2025-04-29,treatment,0,1,1,0.0
2025-04-29,control,0,7,1,0.0
2025-04-29,treatment,0,7,1,0.0
2025-04-29,control,1,30,1,1.0
2025-04-29,treatment,0,30,1,0.0
2025-04-30,control,1,1,1,1.0
2025-04-30,treatment,0,1,1,0.0
2025-04-30,control,1,7,1,1.0
2025-04-30,treatment,1,7,1,1.0
2025-04-30,control,0,30,1,0.0
2025-04-30,treatment,1,30,1,1.0
2025-05-01,control,0,1,1,0.0
2025-05-01,treatment,0,1,1,0.0
2025-05-01,control,0,7,1,0.0
2025-05-01,treatment,0,7,1,0.0
2025-05-01,control,0,30,1,0.0
2025-05-01,treatment,0,30,1,0.0
2025-05-02,control,1,1,1,1.0
2025-05-02,treatment,0,1,1,0.0
2025-05-02,control,1,7,1,1.0
2025-05-02,treatment,1,7,1,1.0
2025-05-02,control,0,30,1,0.0
2025-05-02,treatment,1,30,1,1.0
2025-05-03,control,0,1,1,0.0
2025-05-03,treatment,0,1,1,0.0
2025-05-03,control,1,7,1,1.0
2025-05-03,treatment,0,7,1,0.0
2025-05-03,control,0,30,1,0.0
2025-05-03,treatment,0,30,1,0.0
2025-05-04,control,0,1,1,0.0
2025-05-04,treatment,0,1,1,0.0
2025-05-04,control,0,7,1,0.0
2025-05-04,treatment,1,7,1,1.0
2025-05-04,control,1,30,1,1.0
2025-05-04,treatment,1,30,1,1.0
2025-05-05,control,0,1,1,0.0
2025-05-05,treatment,2,1,2,1.0
2025-05-05,control,0,7,1,0.0
2025-05-05,treatment,0,7,2,0.0
2025-05-05,control,1,30,1,1.0
2025-05-05,treatment,2,30,2,1.0
2025-05-06,control,1,1,1,1.0
2025-05-06,treatment,1,1,1,1.0
2025-05-06,control,0,7,1,0.0
2025-05-06,treatment,0,7,1,0.0
2025-05-06,control,1,30,1,1.0
2025-05-06,treatment,0,30,1,0.0
2025-05-07,control,0,1,1,0.0
2025-05-07,treatment,0,1,1,0.0
2025-05-07,control,0,7,1,0.0
2025-05-07,treatment,1,7,1,1.0
2025-05-07,control,1,30,1,1.0
2025-05-07,treatment,1,30,1,1.0
2025-05-08,control,1,1,1,1.0
2025-05-08,treatment,0,1,1,0.0
2025-05-08,control,0,7,1,0.0
2025-05-08,treatment,0,7,1,0.0
2025-05-08,control,1,30,1,1.0
2025-05-08,treatment,1,30,1,1.0
2025-05-09,control,0,1,1,0.0
2025-05-09,treatment,1,1,1,1.0
2025-05-09,control,0,7,1,0.0
2025-05-09,treatment,1,7,1,1.0
2025-05-09,control,1,30,1,1.0
2025-05-09,treatment,0,30,1,0.0
2025-05-10,control,0,1,1,0.0
2025-05-10,treatment,0,1,1,0.0
2025-05-10,control,1,7,1,1.0
2025-05-10,treatment,1,7,1,1.0
2025-05-10,control,0,30,1,0.0
2025-05-10,treatment,0,30,1,0.0
2025-05-11,control,1,1,2,0.5
2025-05-11,treatment,1,1,2,0.5
2025-05-11,control,1,7,2,0.5
2025-05-11,treatment,1,7,2,0.5
2025-05-11,control,1,30,2,0.5
2025-05-11,treatment,0,30,2,0.0
2025-05-12,control,0,1,1,0.0
2025-05-12,treatment,0,1,1,0.0
2025-05-12,control,1,7,1,1.0
2025-05-12,treatment,1,7,1,1.0
2025-05-12,control,0,30,1,0.0
2025-05-12,treatment,1,30,1,1.0
2025-05-13,control,0,1,1,0.0
2025-05-13,treatment,1,1,1,1.0
2025-05-13,control,0,7,1,0.0
2025-05-13,treatment,0,7,1,0.0
2025-05-13,control,0,30,1,0.0
2025-05-13,treatment,1,30,1,1.0
2025-05-14,control,0,1,1,0.0
2025-05-14,treatment,0,1,1,0.0
2025-05-14,control,0,7,1,0.0
2025-05-14,treatment,0,7,1,0.0
2025-05-14,control,0,30,1,0.0
2025-05-14,treatment,1,30,1,1.0
2025-05-15,control,0,1,1,0.0
2025-05-15,treatment,0,1,1,0.0
2025-05-15,control,0,7,1,0.0
2025-05-15,treatment,1,7,1,1.0
2025-05-15,control,1,30,1,1.0
2025-05-15,treatment,1,30,1,1.0
2025-05-16,control,1,1,1,1.0
2025-05-16,treatment,1,1,1,1.0
2025-05-16,control,1,7,1,1.0
2025-05-16,treatment,1,7,1,1.0
2025-05-16,control,0,30,1,0.0
2025-05-16,treatment,0,30,1,0.0
2025-05-17,control,1,1,1,1.0
2025-05-17,treatment,0,1,1,0.0
2025-05-17,control,1,7,1,1.0
2025-05-17,treatment,0,7,1,0.0
2025-05-17,control,0,30,1,0.0
2025-05-17,treatment,0,30,1,0.0
2025-05-18,control,0,1,1,0.0
2025-05-18,treatment,1,1,1,1.0
2025-05-18,control,0,7,1,0.0
2025-05-18,treatment,1,7,1,1.0
2025-05-18,control,0,30,1,0.0
2025-05-18,treatment,1,30,1,1.0
2025-05-19,control,0,1,1,0.0
2025-05-19,treatment,1,1,1,1.0
2025-05-19,control,1,7,1,1.0
2025-05-19,treatment,1,7,1,1.0
2025-05-19,control,1,30,1,1.0
2025-05-19,treatment,0,30,1,0.0
2025-05-20,control,1,1,2,0.5
2025-05-20,treatment,1,1,3,0.3333333333333333
2025-05-20,control,0,7,2,0.0
2025-05-20,treatment,3,7,3,1.0
2025-05-20,control,2,30,2,1.0
2025-05-20,treatment,2,30,3,0.6666666666666666
2025-05-21,control,1,1,1,1.0
2025-05-21,treatment,1,1,1,1.0
2025-05-21,control,1,7,1,1.0
2025-05-21,treatment,1,7,1,1.0
2025-05-21,control,1,30,1,1.0
2025-05-21,treatment,1,30,1,1.0
2025-05-22,control,1,1,1,1.0
2025-05-22,treatment,0,1,1,0.0
2025-05-22,control,1,7,1,1.0
2025-05-22,treatment,0,7,1,0.0
2025-05-22,control,1,30,1,1.0
2025-05-22,treatment,1,30,1,1.0
2025-05-23,control,0,1,2,0.0
2025-05-23,treatment,1,1,2,0.5
2025-05-23,control,1,7,2,0.5
2025-05-23,treatment,1,7,2,0.5
2025-05-23,control,2,30,2,1.0
2025-05-23,treatment,1,30,2,0.5
2025-05-24,control,0,1,1,0.0
2025-05-24,treatment,2,1,2,1.0
2025-05-24,control,0,7,1,0.0
2025-05-24,treatment,2,7,2,1.0
2025-05-24,control,1,30,1,1.0
2025-05-24,treatment,2,30,2,1.0
2025-05-25,control,0,1,1,0.0
2025-05-25,treatment,0,1,1,0.0
2025-05-25,control,0,7,1,0.0
2025-05-25,treatment,0,7,1,0.0
2025-05-25,control,1,30,1,1.0
2025-05-25,treatment,1,30,1,1.0
2025-05-26,control,0,1,1,0.0
2025-05-26,treatment,0,1,1,0.0
2025-05-26,control,1,7,1,1.0
2025-05-26,treatment,0,7,1,0.0
2025-05-26,control,0,30,1,0.0
2025-05-26,treatment,1,30,1,1.0
2025-05-27,control,0,1,1,0.0
2025-05-27,treatment,1,1,1,1.0
2025-05-27,control,0,7,1,0.0
2025-05-27,treatment,1,7,1,1.0
2025-05-27,control,1,30,1,1.0
2025-05-27,treatment,1,30,1,1.0
2025-05-28,control,0,1,1,0.0
2025-05-28,treatment,1,1,1,1.0
2025-05-28,control,1,7,1,1.0
2025-05-28,treatment,1,7,1,1.0
2025-05-28,control,0,30,1,0.0
2025-05-28,treatment,0,30,1,0.0
2025-05-29,control,1,1,1,1.0
2025-05-29,treatment,0,1,2,0.0
2025-05-29,control,1,7,1,1.0
2025-05-29,treatment,0,7,2,0.0
2025-05-29,control,0,30,1,0.0
2025-05-29,treatment,1,30,2,0.5
2025-05-30,control,0,1,1,0.0
2025-05-30,treatment,0,1,1,0.0
2025-05-30,control,0,7,1,0.0
2025-05-30,treatment,1,7,1,1.0
2025-05-30,control,0,30,1,0.0
2025-05-30,treatment,1,30,1,1.0
2025-05-31,control,0,1,1,0.0
2025-05-31,treatment,0,1,2,0.0
2025-05-31,control,0,7,1,0.0
2025-05-31,treatment,2,7,2,1.0
2025-05-31,control,0,30,1,0.0
2025-05-31,treatment,2,30,2,1.0
2025-06-01,control,0,1,2,0.0
2025-06-01,treatment,0,1,2,0.0
2025-06-01,control,0,7,2,0.0
2025-06-01,treatment,2,7,2,1.0
2025-06-01,control,1,30,2,0.5
2025-06-01,treatment,1,30,2,0.5
2025-06-02,control,0,1,1,0.0
2025-06-02,treatment,1,1,1,1.0
2025-06-02,control,0,7,1,0.0
2025-06-02,treatment,0,7,1,0.0
2025-06-02,control,0,30,1,0.0
2025-06-02,treatment,1,30,1,1.0
2025-06-03,control,0,1,1,0.0
2025-06-03,treatment,2,1,2,1.0
2025-06-03,control,1,7,1,1.0
2025-06-03,treatment,1,7,2,0.5
2025-06-03,control,1,30,1,1.0
2025-06-03,treatment,1,30,2,0.5
2025-06-04,control,1,1,1,1.0
2025-06-04,treatment,1,1,1,1.0
2025-06-04,control,0,7,1,0.0
2025-06-04,treatment,0,7,1,0.0
2025-06-04,control,1,30,1,1.0
2025-06-04,treatment,1,30,1,1.0
2025-06-05,control,1,1,1,1.0
2025-06-05,treatment,1,1,1,1.0
2025-06-05,control,1,7,1,1.0
2025-06-05,treatment,1,7,1,1.0
2025-06-05,control,1,30,1,1.0
2025-06-05,treatment,0,30,1,0.0
2025-06-06,control,1,1,1,1.0
2025-06-06,treatment,0,1,1,0.0
2025-06-06,control,1,7,1,1.0
2025-06-06,treatment,1,7,1,1.0
2025-06-06,control,0,30,1,0.0
2025-06-06,treatment,0,30,1,0.0
2025-06-07,control,0,1,1,0.0
2025-06-07,treatment,0,1,1,0.0
2025-06-07,control,1,7,1,1.0
2025-06-07,treatment,0,7,1,0.0
2025-06-07,control,0,30,1,0.0
2025-06-07,treatment,1,30,1,1.0
2025-06-08,control,1,1,2,0.5
2025-06-08,treatment,0,1,2,0.0
2025-06-08,control,1,7,2,0.5
2025-06-08,treatment,1,7,2,0.5
2025-06-08,control,1,30,2,0.5
2025-06-08,treatment,1,30,2,0.5
2025-06-09,control,0,1,1,0.0
2025-06-09,treatment,1,1,2,0.5
2025-06-09,control,0,7,1,0.0
2025-06-09,treatment,1,7,2,0.5
2025-06-09,control,0,30,1,0.0
2025-06-09,treatment,0,30,2,0.0
2025-06-10,control,1,1,1,1.0
2025-06-10,treatment,1,1,1,1.0
2025-06-10,control,1,7,1,1.0
2025-06-10,treatment,1,7,1,1.0
2025-06-10,control,1,30,1,1.0
2025-06-10,treatment,0,30,1,0.0
2025-06-11,control,0,1,1,0.0
2025-06-11,treatment,0,1,1,0.0
2025-06-11,control,1,7,1,1.0
2025-06-11,treatment,1,7,1,1.0
2025-06-11,control,1,30,1,1.0
2025-06-11,treatment,1,30,1,1.0
2025-06-12,control,1,1,2,0.5
2025-06-12,treatment,1,1,3,0.3333333333333333
2025-06-12,control,2,7,2,1.0
2025-06-12,treatment,2,7,3,0.6666666666666666
2025-06-12,control,1,30,2,0.5
2025-06-12,treatment,2,30,3,0.6666666666666666
2025-06-13,control,0,1,1,0.0
2025-06-13,treatment,0,1,1,0.0
2025-06-13,control,0,7,1,0.0
2025-06-13,treatment,1,7,1,1.0
2025-06-13,control,0,30,1,0.0
2025-06-13,treatment,0,30,1,0.0
2025-06-14,control,1,1,3,0.3333333333333333
2025-06-14,treatment,3,1,3,1.0
2025-06-14,control,1,7,3,0.3333333333333333
2025-06-14,treatment,2,7,3,0.6666666666666666
2025-06-14,control,1,30,3,0.3333333333333333
2025-06-14,treatment,1,30,3,0.3333333333333333
2025-06-15,control,0,1,2,0.0
2025-06-15,treatment,2,1,3,0.6666666666666666
2025-06-15,control,1,7,2,0.5
2025-06-15,treatment,1,7,3,0.3333333333333333
2025-06-15,control,0,30,2,0.0
2025-06-15,treatment,1,30,3,0.3333333333333333
2025-06-16,control,0,1,1,0.0
2025-06-16,treatment,0,1,1,0.0
2025-06-16,control,1,7,1,1.0
2025-06-16,treatment,1,7,1,1.0
2025-06-16,control,0,30,1,0.0
2025-06-16,treatment,1,30,1,1.0
2025-06-17,control,0,1,1,0.0
2025-06-17,treatment,0,1,1,0.0
2025-06-17,control,1,7,1,1.0
2025-06-17,treatment,0,7,1,0.0
2025-06-17,control,1,30,1,1.0
2025-06-17,treatment,1,30,1,1.0
2025-06-18,control,0,1,2,0.0
2025-06-18,treatment,0,1,2,0.0
2025-06-18,control,0,7,2,0.0
2025-06-18,treatment,2,7,2,1.0
2025-06-18,control,2,30,2,1.0
2025-06-18,treatment,2,30,2,1.0
2025-06-19,control,0,1,1,0.0
2025-06-19,treatment,1,1,1,1.0
2025-06-19,control,0,7,1,0.0
2025-06-19,treatment,1,7,1,1.0
2025-06-19,control,0,30,1,0.0
2025-06-19,treatment,0,30,1,0.0
2025-06-20,control,2,1,5,0.4
2025-06-20,treatment,4,1,5,0.8
2025-06-20,control,1,7,5,0.2
2025-06-20,treatment,4,7,5,0.8
2025-06-20,control,2,30,5,0.4
2025-06-20,treatment,2,30,5,0.4
2025-06-21,control,1,1,1,1.0
2025-06-21,treatment,0,1,1,0.0
2025-06-21,control,1,7,1,1.0
2025-06-21,treatment,0,7,1,0.0
2025-06-21,control,0,30,1,0.0
2025-06-21,treatment,1,30,1,1.0
2025-06-22,control,0,1,1,0.0
2025-06-22,treatment,0,1,2,0.0
2025-06-22,control,1,7,1,1.0
2025-06-22,treatment,1,7,2,0.5
2025-06-22,control,1,30,1,1.0
2025-06-22,treatment,1,30,2,0.5
2025-06-23,control,0,1,1,0.0
2025-06-23,treatment,0,1,1,0.0
2025-06-23,control,0,7,1,0.0
2025-06-23,treatment,1,7,1,1.0
2025-06-23,control,0,30,1,0.0
2025-06-23,treatment,0,30,1,0.0
2025-06-24,control,1,1,2,0.5
2025-06-24,treatment,2,1,3,0.6666666666666666
2025-06-24,control,1,7,2,0.5
2025-06-24,treatment,3,7,3,1.0
2025-06-24,control,2,30,2,1.0
2025-06-24,treatment,1,30,3,0.3333333333333333
2025-06-25,control,1,1,1,1.0
2025-06-25,treatment,0,1,1,0.0
2025-06-25,control,1,7,1,1.0
2025-06-25,treatment,1,7,1,1.0
2025-06-25,control,1,30,1,1.0
2025-06-25,treatment,0,30,1,0.0
2025-06-26,control,0,1,1,0.0
2025-06-26,treatment,1,1,1,1.0
2025-06-26,control,1,7,1,1.0
2025-06-26,treatment,0,7,1,0.0
2025-06-26,control,0,30,1,0.0
2025-06-26,treatment,1,30,1,1.0
2025-06-27,control,0,1,1,0.0
2025-06-27,treatment,1,1,2,0.5
2025-06-27,control,0,7,1,0.0
2025-06-27,treatment,1,7,2,0.5
2025-06-27,control,0,30,1,0.0
2025-06-27,treatment,1,30,2,0.5
2025-06-28,control,1,1,2,0.5
2025-06-28,treatment,1,1,2,0.5
2025-06-28,control,0,7,2,0.0
2025-06-28,treatment,0,7,2,0.0
2025-06-28,control,1,30,2,0.5
2025-06-28,treatment,0,30,2,0.0
2025-06-29,control,0,1,1,0.0
2025-06-29,treatment,0,1,1,0.0
2025-06-29,control,1,7,1,1.0
2025-06-29,treatment,0,7,1,0.0
2025-06-29,control,1,30,1,1.0
2025-06-29,treatment,0,30,1,0.0
2025-06-30,control,1,1,1,1.0
2025-06-30,treatment,1,1,1,1.0
2025-06-30,control,1,7,1,1.0
2025-06-30,treatment,1,7,1,1.0
2025-06-30,control,1,30,1,1.0
2025-06-30,treatment,1,30,1,1.0
2025-07-01,control,1,1,3,0.3333333333333333
2025-07-01,treatment,2,1,4,0.5
2025-07-01,control,2,7,3,0.6666666666666666
2025-07-01,treatment,2,7,4,0.5
2025-07-01,control,0,30,3,0.0
2025-07-01,treatment,2,30,4,0.5
2025-07-02,control,1,1,1,1.0
2025-07-02,treatment,1,1,1,1.0
2025-07-02,control,0,7,1,0.0
2025-07-02,treatment,0,7,1,0.0
2025-07-02,control,0,30,1,0.0
2025-07-02,treatment,0,30,1,0.0
2025-07-03,control,0,1,1,0.0
2025-07-03,treatment,0,1,1,0.0
2025-07-03,control,1,7,1,1.0
2025-07-03,treatment,1,7,1,1.0
2025-07-03,control,1,30,1,1.0
2025-07-03,treatment,0,30,1,0.0
2025-07-04,control,0,1,1,0.0
2025-07-04,treatment,1,1,1,1.0
2025-07-04,control,1,7,1,1.0
2025-07-04,treatment,1,7,1,1.0
2025-07-04,control,1,30,1,1.0
2025-07-04,treatment,0,30,1,0.0
2025-07-05,control,0,1,1,0.0
2025-07-05,treatment,0,1,1,0.0
2025-07-05,control,1,7,1,1.0
2025-07-05,treatment,1,7,1,1.0
2025-07-05,control,0,30,1,0.0
2025-07-05,treatment,0,30,1,0.0
2025-07-06,control,0,1,1,0.0
2025-07-06,treatment,1,1,1,1.0
2025-07-06,control,0,7,1,0.0
2025-07-06,treatment,1,7,1,1.0
2025-07-06,control,0,30,1,0.0
2025-07-06,treatment,0,30,1,0.0
2025-07-07,control,0,1,2,0.0
2025-07-07,treatment,0,1,3,0.0
2025-07-07,control,0,7,2,0.0
2025-07-07,treatment,1,7,3,0.3333333333333333
2025-07-07,control,1,30,2,0.5
2025-07-07,treatment,2,30,3,0.6666666666666666
2025-07-08,control,1,1,1,1.0
2025-07-08,treatment,0,1,1,0.0
2025-07-08,control,1,7,1,1.0
2025-07-08,treatment,0,7,1,0.0
2025-07-08,control,1,30,1,1.0
2025-07-08,treatment,0,30,1,0.0
2025-07-09,control,1,1,3,0.3333333333333333
2025-07-09,treatment,3,1,4,0.75
2025-07-09,control,2,7,3,0.6666666666666666
2025-07-09,treatment,1,7,4,0.25
2025-07-09,control,3,30,3,1.0
2025-07-09,treatment,1,30,4,0.25
2025-07-10,control,0,1,1,0.0
2025-07-10,treatment,1,1,1,1.0
2025-07-10,control,0,7,1,0.0
2025-07-10,treatment,1,7,1,1.0
2025-07-10,control,1,30,1,1.0
2025-07-10,treatment,1,30,1,1.0
2025-07-11,control,1,1,2,0.5
2025-07-11,treatment,3,1,3,1.0
2025-07-11,control,0,7,2,0.0
2025-07-11,treatment,2,7,3,0.6666666666666666
2025-07-11,control,1,30,2,0.5
2025-07-11,treatment,2,30,3,0.6666666666666666
2025-07-12,control,0,1,1,0.0
2025-07-12,treatment,0,1,1,0.0
2025-07-12,control,1,7,1,1.0
2025-07-12,treatment,0,7,1,0.0
2025-07-12,control,1,30,1,1.0
2025-07-12,treatment,1,30,1,1.0
2025-07-13,control,1,1,1,1.0
2025-07-13,treatment,0,1,1,0.0
2025-07-13,control,0,7,1,0.0
2025-07-13,treatment,0,7,1,0.0
2025-07-13,control,0,30,1,0.0
2025-07-13,treatment,1,30,1,1.0
2025-07-14,control,0,1,1,0.0
2025-07-14,treatment,0,1,2,0.0
2025-07-14,control,1,7,1,1.0
2025-07-14,treatment,0,7,2,0.0
2025-07-14,control,0,30,1,0.0
2025-07-14,treatment,2,30,2,1.0
2025-07-15,control,0,1,1,0.0
2025-07-15,treatment,2,1,2,1.0
2025-07-15,control,0,7,1,0.0
2025-07-15,treatment,0,7,2,0.0
2025-07-15,control,1,30,1,1.0
2025-07-15,treatment,1,30,2,0.5
2025-07-16,control,0,1,1,0.0
2025-07-16,treatment,0,1,1,0.0
2025-07-16,control,0,7,1,0.0
2025-07-16,treatment,0,7,1,0.0
2025-07-16,control,1,30,1,1.0
2025-07-16,treatment,1,30,1,1.0
2025-07-17,control,0,1,1,0.0
2025-07-17,treatment,1,1,1,1.0
2025-07-17,control,1,7,1,1.0
2025-07-17,treatment,1,7,1,1.0
2025-07-17,control,1,30,1,1.0
2025-07-17,treatment,0,30,1,0.0
2025-07-18,control,2,1,4,0.5
2025-07-18,treatment,4,1,5,0.8
2025-07-18,control,3,7,4,0.75
2025-07-18,treatment,2,7,5,0.4
2025-07-18,control,1,30,4,0.25
2025-07-18,treatment,2,30,5,0.4
2025-07-19,control,1,1,3,0.3333333333333333
2025-07-19,treatment,0,1,3,0.0
2025-07-19,control,0,7,3,0.0
2025-07-19,treatment,1,7,3,0.3333333333333333
2025-07-19,control,2,30,3,0.6666666666666666
2025-07-19,treatment,1,30,3,0.3333333333333333
2025-07-20,control,1,1,2,0.5
2025-07-20,treatment,1,1,3,0.3333333333333333
2025-07-20,control,1,7,2,0.5
2025-07-20,treatment,1,7,3,0.3333333333333333
2025-07-20,control,1,30,2,0.5
2025-07-20,treatment,2,30,3,0.6666666666666666
2025-07-21,control,0,1,1,0.0
2025-07-21,treatment,1,1,1,1.0
2025-07-21,control,1,7,1,1.0
2025-07-21,treatment,0,7,1,0.0
2025-07-21,control,0,30,1,0.0
2025-07-21,treatment,1,30,1,1.0
2025-07-22,control,0,1,1,0.0
2025-07-22,treatment,0,1,1,0.0
2025-07-22,control,0,7,1,0.0
2025-07-22,treatment,0,7,1,0.0
2025-07-22,control,0,30,1,0.0
2025-07-22,treatment,0,30,1,0.0
2025-07-23,control,0,1,1,0.0
2025-07-23,treatment,0,1,2,0.0
2025-07-23,control,0,7,1,0.0
2025-07-23,treatment,1,7,2,0.5
2025-07-23,control,1,30,1,1.0
2025-07-23,treatment,1,30,2,0.5
2025-07-24,control,2,1,2,1.0
2025-07-24,treatment,1,1,2,0.5
2025-07-24,control,2,7,2,1.0
2025-07-24,treatment,1,7,2,0.5
2025-07-24,control,1,30,2,0.5
2025-07-24,treatment,0,30,2,0.0
2025-07-25,control,1,1,1,1.0
2025-07-25,treatment,0,1,1,0.0
2025-07-25,control,0,7,1,0.0
2025-07-25,treatment,0,7,1,0.0
2025-07-25,control,0,30,1,0.0
2025-07-25,treatment,1,30,1,1.0
2025-07-26,control,0,1,1,0.0
2025-07-26,treatment,1,1,2,0.5
2025-07-26,control,1,7,1,1.0
2025-07-26,treatment,0,7,2,0.0
2025-07-26,control,1,30,1,1.0
2025-07-26,treatment,2,30,2,1.0
2025-07-27,control,2,1,2,1.0
2025-07-27,treatment,1,1,2,0.5
2025-07-27,control,0,7,2,0.0
2025-07-27,treatment,1,7,2,0.5
2025-07-27,control,1,30,2,0.5
2025-07-27,treatment,2,30,2,1.0
2025-07-28,control,1,1,2,0.5
2025-07-28,treatment,1,1,2,0.5
2025-07-28,control,2,7,2,1.0
2025-07-28,treatment,1,7,2,0.5
2025-07-28,control,1,30,2,0.5
2025-07-28,treatment,1,30,2,0.5
2025-07-29,control,0,1,1,0.0
2025-07-29,treatment,1,1,1,1.0
2025-07-29,control,0,7,1,0.0
2025-07-29,treatment,0,7,1,0.0
2025-07-29,control,0,30,1,0.0
2025-07-29,treatment,1,30,1,1.0
2025-07-30,control,1,1,1,1.0
2025-07-30,treatment,0,1,1,0.0
2025-07-30,control,0,7,1,0.0
2025-07-30,treatment,0,7,1,0.0
2025-07-30,control,1,30,1,1.0
2025-07-30,treatment,1,30,1,1.0
2025-07-31,control,0,1,1,0.0
2025-07-31,treatment,0,1,1,0.0
2025-07-31,control,0,7,1,0.0
2025-07-31,treatment,1,7,1,1.0
2025-07-31,control,1,30,1,1.0
2025-07-31,treatment,1,30,1,1.0
2025-08-01,control,0,1,1,0.0
2025-08-01,treatment,1,1,1,1.0
2025-08-01,control,1,7,1,1.0
2025-08-01,treatment,1,7,1,1.0
2025-08-01,control,0,30,1,0.0
2025-08-01,treatment,1,30,1,1.0
2025-08-02,control,1,1,1,1.0
2025-08-02,treatment,1,1,1,1.0
2025-08-02,control,0,7,1,0.0
2025-08-02,treatment,0,7,1,0.0
2025-08-02,control,1,30,1,1.0
2025-08-02,treatment,1,30,1,1.0
2025-08-03,control,1,1,1,1.0
2025-08-03,treatment,0,1,1,0.0
2025-08-03,control,0,7,1,0.0
2025-08-03,treatment,0,7,1,0.0
2025-08-03,control,1,30,1,1.0
2025-08-03,treatment,0,30,1,0.0
2025-08-04,control,0,1,1,0.0
2025-08-04,treatment,1,1,1,1.0
2025-08-04,control,1,7,1,1.0
2025-08-04,treatment,0,7,1,0.0
2025-08-04,control,1,30,1,1.0
2025-08-04,treatment,1,30,1,1.0
2025-08-05,control,0,1,1,0.0
2025-08-05,treatment,2,1,2,1.0
2025-08-05,control,0,7,1,0.0
2025-08-05,treatment,0,7,2,0.0
2025-08-05,control,1,30,1,1.0
2025-08-05,treatment,1,30,2,0.5
2025-08-06,control,0,1,1,0.0
2025-08-06,treatment,1,1,1,1.0
2025-08-06,control,1,7,1,1.0
2025-08-06,treatment,1,7,1,1.0
2025-08-06,control,1,30,1,1.0
2025-08-06,treatment,1,30,1,1.0
2025-08-07,control,0,1,1,0.0
2025-08-07,treatment,0,1,1,0.0
2025-08-07,control,1,7,1,1.0
2025-08-07,treatment,1,7,1,1.0
2025-08-07,control,0,30,1,0.0
2025-08-07,treatment,0,30,1,0.0
2025-08-08,control,0,1,1,0.0
2025-08-08,treatment,1,1,2,0.5
2025-08-08,control,1,7,1,1.0
2025-08-08,treatment,0,7,2,0.0
2025-08-08,control,1,30,1,1.0
2025-08-08,treatment,2,30,2,1.0
2025-08-09,control,0,1,1,0.0
2025-08-09,treatment,1,1,1,1.0
2025-08-09,control,1,7,1,1.0
2025-08-09,treatment,1,7,1,1.0
2025-08-09,control,0,30,1,0.0
2025-08-09,treatment,1,30,1,1.0
2025-08-10,control,1,1,2,0.5
2025-08-10,treatment,2,1,3,0.6666666666666666
2025-08-10,control,2,7,2,1.0
2025-08-10,treatment,3,7,3,1.0
2025-08-10,control,0,30,2,0.0
2025-08-10,treatment,0,30,3,0.0
2025-08-11,control,1,1,1,1.0
2025-08-11,treatment,1,1,2,0.5
2025-08-11,control,1,7,1,1.0
2025-08-11,treatment,1,7,2,0.5
2025-08-11,control,1,30,1,1.0
2025-08-11,treatment,1,30,2,0.5
2025-08-12,control,0,1,1,0.0
2025-08-12,treatment,0,1,1,0.0
2025-08-12,control,1,7,1,1.0
2025-08-12,treatment,1,7,1,1.0
2025-08-12,control,0,30,1,0.0
2025-08-12,treatment,0,30,1,0.0
2025-08-13,control,0,1,1,0.0
2025-08-13,treatment,0,1,1,0.0
2025-08-13,control,0,7,1,0.0
2025-08-13,treatment,0,7,1,0.0
2025-08-13,control,0,30,1,0.0
2025-08-13,treatment,1,30,1,1.0
2025-08-14,control,1,1,1,1.0
2025-08-14,treatment,1,1,2,0.5
2025-08-14,control,0,7,1,0.0
2025-08-14,treatment,1,7,2,0.5
2025-08-14,control,1,30,1,1.0
2025-08-14,treatment,2,30,2,1.0
2025-08-15,control,1,1,1,1.0
2025-08-15,treatment,1,1,1,1.0
2025-08-15,control,1,7,1,1.0
2025-08-15,treatment,1,7,1,1.0
2025-08-15,control,1,30,1,1.0
2025-08-15,treatment,0,30,1,0.0
2025-08-16,control,2,1,3,0.6666666666666666
2025-08-16,treatment,3,1,4,0.75
2025-08-16,control,1,7,3,0.3333333333333333
2025-08-16,treatment,1,7,4,0.25
2025-08-16,control,1,30,3,0.3333333333333333
2025-08-16,treatment,3,30,4,0.75
2025-08-17,control,0,1,2,0.0
2025-08-17,treatment,2,1,3,0.6666666666666666
2025-08-17,control,2,7,2,1.0
2025-08-17,treatment,1,7,3,0.3333333333333333
2025-08-17,control,1,30,2,0.5
2025-08-17,treatment,2,30,3,0.6666666666666666
2025-08-18,control,1,1,2,0.5
2025-08-18,treatment,2,1,2,1.0
2025-08-18,control,2,7,2,1.0
2025-08-18,treatment,2,7,2,1.0
2025-08-18,control,2,30,2,1.0
2025-08-18,treatment,1,30,2,0.5
2025-08-19,control,1,1,2,0.5
2025-08-19,treatment,2,1,3,0.6666666666666666
2025-08-19,control,2,7,2,1.0
2025-08-19,treatment,2,7,3,0.6666666666666666
2025-08-19,control,1,30,2,0.5
2025-08-19,treatment,2,30,3,0.6666666666666666
2025-08-20,control,1,1,1,1.0
2025-08-20,treatment,1,1,1,1.0
2025-08-20,control,0,7,1,0.0
2025-08-20,treatment,1,7,1,1.0
2025-08-20,control,0,30,1,0.0
2025-08-20,treatment,0,30,1,0.0
2025-08-21,control,1,1,1,1.0
2025-08-21,treatment,0,1,1,0.0
2025-08-21,control,1,7,1,1.0
2025-08-21,treatment,1,7,1,1.0
2025-08-21,control,1,30,1,1.0
2025-08-21,treatment,1,30,1,1.0
2025-08-22,control,0,1,2,0.0
2025-08-22,treatment,1,1,3,0.3333333333333333
2025-08-22,control,0,7,2,0.0
2025-08-22,treatment,2,7,3,0.6666666666666666
2025-08-22,control,1,30,2,0.5
2025-08-22,treatment,0,30,3,0.0
2025-08-23,control,1,1,1,1.0
2025-08-23,treatment,0,1,1,0.0
2025-08-23,control,1,7,1,1.0
2025-08-23,treatment,0,7,1,0.0
2025-08-23,control,1,30,1,1.0
2025-08-23,treatment,1,30,1,1.0
2025-08-24,control,1,1,1,1.0
2025-08-24,treatment,1,1,1,1.0
2025-08-24,control,1,7,1,1.0
2025-08-24,treatment,1,7,1,1.0
2025-08-24,control,1,30,1,1.0
2025-08-24,treatment,1,30,1,1.0
2025-08-25,control,0,1,1,0.0
2025-08-25,treatment,1,1,1,1.0
2025-08-25,control,0,7,1,0.0
2025-08-25,treatment,0,7,1,0.0
2025-08-25,control,0,30,1,0.0
2025-08-25,treatment,0,30,1,0.0
2025-08-26,control,3,1,3,1.0
2025-08-26,treatment,2,1,3,0.6666666666666666
2025-08-26,control,1,7,3,0.3333333333333333
2025-08-26,treatment,1,7,3,0.3333333333333333
2025-08-26,control,2,30,3,0.6666666666666666
2025-08-26,treatment,2,30,3,0.6666666666666666
2025-08-27,control,0,1,1,0.0
2025-08-27,treatment,1,1,1,1.0
2025-08-27,control,1,7,1,1.0
2025-08-27,treatment,1,7,1,1.0
2025-08-27,control,0,30,1,0.0
2025-08-27,treatment,1,30,1,1.0
2025-08-28,control,0,1,1,0.0
2025-08-28,treatment,0,1,1,0.0
2025-08-28,control,1,7,1,1.0
2025-08-28,treatment,0,7,1,0.0
2025-08-28,control,1,30,1,1.0
2025-08-28,treatment,0,30,1,0.0
2025-08-29,control,0,1,1,0.0
2025-08-29,treatment,0,1,2,0.0
2025-08-29,control,1,7,1,1.0
2025-08-29,treatment,1,7,2,0.5
2025-08-29,control,1,30,1,1.0
2025-08-29,treatment,1,30,2,0.5
2025-08-30,control,1,1,4,0.25
2025-08-30,treatment,1,1,4,0.25
2025-08-30,control,2,7,4,0.5
2025-08-30,treatment,3,7,4,0.75
2025-08-30,control,1,30,4,0.25
2025-08-30,treatment,3,30,4,0.75
2025-08-31,control,0,1,1,0.0
2025-08-31,treatment,1,1,1,1.0
2025-08-31,control,0,7,1,0.0
2025-08-31,treatment,1,7,1,1.0
2025-08-31,control,0,30,1,0.0
2025-08-31,treatment,0,30,1,0.0
2025-09-01,control,0,1,1,0.0
2025-09-01,treatment,1,1,1,1.0
2025-09-01,control,0,7,1,0.0
2025-09-01,treatment,1,7,1,1.0
2025-09-01,control,0,30,1,0.0
2025-09-01,treatment,0,30,1,0.0
2025-09-02,control,2,1,4,0.5
2025-09-02,treatment,3,1,4,0.75
2025-09-02,control,1,7,4,0.25
2025-09-02,treatment,3,7,4,0.75
2025-09-02,control,1,30,4,0.25
2025-09-02,treatment,2,30,4,0.5
2025-09-03,control,1,1,2,0.5
2025-09-03,treatment,0,1,2,0.0
2025-09-03,control,2,7,2,1.0
2025-09-03,treatment,1,7,2,0.5
2025-09-03,control,1,30,2,0.5
2025-09-03,treatment,1,30,2,0.5
2025-09-04,control,1,1,4,0.25
2025-09-04,treatment,2,1,4,0.5
2025-09-04,control,4,7,4,1.0
2025-09-04,treatment,2,7,4,0.5
2025-09-04,control,1,30,4,0.25
2025-09-04,treatment,2,30,4,0.5
2025-09-05,control,1,1,1,1.0
2025-09-05,treatment,1,1,1,1.0
2025-09-05,control,0,7,1,0.0
2025-09-05,treatment,1,7,1,1.0
2025-09-05,control,1,30,1,1.0
2025-09-05,treatment,1,30,1,1.0
2025-09-06,control,0,1,1,0.0
2025-09-06,treatment,1,1,1,1.0
2025-09-06,control,1,7,1,1.0
2025-09-06,treatment,1,7,1,1.0
2025-09-06,control,1,30,1,1.0
2025-09-06,treatment,1,30,1,1.0
2025-09-07,control,1,1,1,1.0
2025-09-07,treatment,1,1,1,1.0
2025-09-07,control,1,7,1,1.0
2025-09-07,treatment,0,7,1,0.0
2025-09-07,control,0,30,1,0.0
2025-09-07,treatment,1,30,1,1.0
2025-09-08,control,0,1,1,0.0
2025-09-08,treatment,1,1,1,1.0
2025-09-08,control,1,7,1,1.0
2025-09-08,treatment,1,7,1,1.0
2025-09-08,control,0,30,1,0.0
2025-09-08,treatment,0,30,1,0.0
2025-09-09,control,1,1,1,1.0
2025-09-09,treatment,1,1,1,1.0
2025-09-09,control,0,7,1,0.0
2025-09-09,treatment,1,7,1,1.0
2025-09-09,control,1,30,1,1.0
2025-09-09,treatment,1,30,1,1.0
2025-09-10,control,1,1,1,1.0
2025-09-10,treatment,0,1,1,0.0
2025-09-10,control,0,7,1,0.0
2025-09-10,treatment,0,7,1,0.0
2025-09-10,control,0,30,1,0.0
2025-09-10,treatment,1,30,1,1.0
2025-09-11,control,0,1,1,0.0
2025-09-11,treatment,1,1,1,1.0
2025-09-11,control,0,7,1,0.0
2025-09-11,treatment,0,7,1,0.0
2025-09-11,control,1,30,1,1.0
2025-09-11,treatment,1,30,1,1.0
2025-09-12,control,1,1,1,1.0
2025-09-12,treatment,1,1,1,1.0
2025-09-12,control,0,7,1,0.0
2025-09-12,treatment,1,7,1,1.0
2025-09-12,control,0,30,1,0.0
2025-09-12,treatment,0,30,1,0.0
2025-09-13,control,1,1,3,0.3333333333333333
2025-09-13,treatment,2,1,4,0.5
2025-09-13,control,3,7,3,1.0
2025-09-13,treatment,1,7,4,0.25
2025-09-13,control,3,30,3,1.0
2025-09-13,treatment,3,30,4,0.75
2025-09-14,control,0,1,1,0.0
2025-09-14,treatment,1,1,1,1.0
2025-09-14,control,1,7,1,1.0
2025-09-14,treatment,1,7,1,1.0
2025-09-14,control,0,30,1,0.0
2025-09-14,treatment,0,30,1,0.0
2025-09-15,control,0,1,1,0.0
2025-09-15,treatment,0,1,1,0.0
2025-09-15,control,0,7,1,0.0
2025-09-15,treatment,1,7,1,1.0
2025-09-15,control,0,30,1,0.0
2025-09-15,treatment,1,30,1,1.0
2025-09-16,control,1,1,1,1.0
2025-09-16,treatment,1,1,1,1.0
2025-09-16,control,1,7,1,1.0
2025-09-16,treatment,1,7,1,1.0
2025-09-16,control,0,30,1,0.0
2025-09-16,treatment,0,30,1,0.0
2025-09-17,control,0,1,1,0.0
2025-09-17,treatment,1,1,1,1.0
2025-09-17,control,1,7,1,1.0
2025-09-17,treatment,0,7,1,0.0
2025-09-17,control,0,30,1,0.0
2025-09-17,treatment,1,30,1,1.0
2025-09-18,control,2,1,3,0.6666666666666666
2025-09-18,treatment,3,1,4,0.75
2025-09-18,control,3,7,3,1.0
2025-09-18,treatment,2,7,4,0.5
2025-09-18,control,1,30,3,0.3333333333333333
2025-09-18,treatment,1,30,4,0.25
2025-09-19,control,1,1,1,1.0
2025-09-19,treatment,0,1,1,0.0
2025-09-19,control,0,7,1,0.0
2025-09-19,treatment,1,7,1,1.0
2025-09-19,control,1,30,1,1.0
2025-09-19,treatment,1,30,1,1.0
2025-09-20,control,1,1,1,1.0
2025-09-20,treatment,0,1,1,0.0
2025-09-20,control,0,7,1,0.0
2025-09-20,treatment,0,7,1,0.0
2025-09-20,control,1,30,1,1.0
2025-09-20,treatment,1,30,1,1.0
2025-09-21,control,1,1,1,1.0
2025-09-21,treatment,1,1,2,0.5
2025-09-21,control,1,7,1,1.0
2025-09-21,treatment,2,7,2,1.0
2025-09-21,control,1,30,1,1.0
2025-09-21,treatment,1,30,2,0.5
2025-09-22,control,0,1,1,0.0
2025-09-22,treatment,0,1,1,0.0
2025-09-22,control,0,7,1,0.0
2025-09-22,treatment,1,7,1,1.0
2025-09-22,control,1,30,1,1.0
2025-09-22,treatment,1,30,1,1.0
2025-09-23,control,1,1,1,1.0
2025-09-23,treatment,1,1,1,1.0
2025-09-23,control,1,7,1,1.0
2025-09-23,treatment,1,7,1,1.0
2025-09-23,control,0,30,1,0.0
2025-09-23,treatment,0,30,1,0.0
2025-09-24,control,1,1,1,1.0
2025-09-24,treatment,1,1,1,1.0
2025-09-24,control,0,7,1,0.0
2025-09-24,treatment,0,7,1,0.0
2025-09-24,control,0,30,1,0.0
2025-09-24,treatment,0,30,1,0.0
2025-09-25,control,0,1,2,0.0
2025-09-25,treatment,1,1,2,0.5
2025-09-25,control,1,7,2,0.5
2025-09-25,treatment,1,7,2,0.5
2025-09-25,control,1,30,2,0.5
2025-09-25,treatment,1,30,2,0.5
2025-09-26,control,0,1,1,0.0
2025-09-26,treatment,1,1,1,1.0
2025-09-26,control,1,7,1,1.0
2025-09-26,treatment,0,7,1,0.0
2025-09-26,control,1,30,1,1.0
2025-09-26,treatment,0,30,1,0.0
2025-09-27,control,1,1,1,1.0
2025-09-27,treatment,2,1,2,1.0
2025-09-27,control,1,7,1,1.0
2025-09-27,treatment,2,7,2,1.0
2025-09-27,control,0,30,1,0.0
2025-09-27,treatment,1,30,2,0.5
2025-09-28,control,0,1,2,0.0
2025-09-28,treatment,1,1,2,0.5
2025-09-28,control,2,7,2,1.0
2025-09-28,treatment,1,7,2,0.5
2025-09-28,control,2,30,2,1.0
2025-09-28,treatment,0,30,2,0.0
2025-09-29,control,1,1,2,0.5
2025-09-29,treatment,1,1,3,0.3333333333333333
2025-09-29,control,1,7,2,0.5
2025-09-29,treatment,3,7,3,1.0
2025-09-29,control,2,30,2,1.0
2025-09-29,treatment,0,30,3,0.0
2025-09-30,control,0,1,1,0.0
2025-09-30,treatment,1,1,1,1.0
2025-09-30,control,1,7,1,1.0
2025-09-30,treatment,1,7,1,1.0
2025-09-30,control,0,30,1,0.0
2025-09-30,treatment,1,30,1,1.0
2025-10-01,control,1,1,1,1.0
2025-10-01,treatment,1,1,1,1.0
2025-10-01,control,0,7,1,0.0
2025-10-01,treatment,0,7,1,0.0
2025-10-01,control,0,30,1,0.0
2025-10-01,treatment,1,30,1,1.0
2025-10-02,control,1,1,3,0.3333333333333333
2025-10-02,treatment,3,1,3,1.0
2025-10-02,control,0,7,3,0.0
2025-10-02,treatment,1,7,3,0.3333333333333333
2025-10-02,control,1,30,3,0.3333333333333333
2025-10-02,treatment,2,30,3,0.6666666666666666
2025-10-03,control,1,1,1,1.0
2025-10-03,treatment,0,1,1,0.0
2025-10-03,control,1,7,1,1.0
2025-10-03,treatment,0,7,1,0.0
2025-10-03,control,0,30,1,0.0
2025-10-03,treatment,0,30,1,0.0
2025-10-04,control,0,1,1,0.0
2025-10-04,treatment,0,1,1,0.0
2025-10-04,control,0,7,1,0.0
2025-10-04,treatment,0,7,1,0.0
2025-10-04,control,1,30,1,1.0
2025-10-04,treatment,0,30,1,0.0
2025-10-05,control,0,1,2,0.0
2025-10-05,treatment,0,1,2,0.0
2025-10-05,control,0,7,2,0.0
2025-10-05,treatment,0,7,2,0.0
2025-10-05,control,1,30,2,0.5
2025-10-05,treatment,1,30,2,0.5
2025-10-06,control,0,1,1,0.0
2025-10-06,treatment,0,1,1,0.0
2025-10-06,control,1,7,1,1.0
2025-10-06,treatment,1,7,1,1.0
2025-10-06,control,0,30,1,0.0
2025-10-06,treatment,1,30,1,1.0
2025-10-07,control,1,1,1,1.0
2025-10-07,treatment,1,1,1,1.0
2025-10-07,control,0,7,1,0.0
2025-10-07,treatment,0,7,1,0.0
2025-10-07,control,1,30,1,1.0
2025-10-07,treatment,1,30,1,1.0
2025-10-08,control,2,1,2,1.0
2025-10-08,treatment,2,1,3,0.6666666666666666
2025-10-08,control,2,7,2,1.0
2025-10-08,treatment,1,7,3,0.3333333333333333
2025-10-08,control,1,30,2,0.5
2025-10-08,treatment,2,30,3,0.6666666666666666
2025-10-09,control,1,1,3,0.3333333333333333
2025-10-09,treatment,1,1,3,0.3333333333333333
2025-10-09,control,1,7,3,0.3333333333333333
2025-10-09,treatment,3,7,3,1.0
2025-10-09,control,2,30,3,0.6666666666666666
2025-10-09,treatment,1,30,3,0.3333333333333333
2025-10-10,control,0,1,1,0.0
2025-10-10,treatment,1,1,1,1.0
2025-10-10,control,1,7,1,1.0
2025-10-10,treatment,1,7,1,1.0
2025-10-10,control,0,30,1,0.0
2025-10-10,treatment,1,30,1,1.0
2025-10-11,control,0,1,1,0.0
2025-10-11,treatment,0,1,2,0.0
2025-10-11,control,1,7,1,1.0
2025-10-11,treatment,0,7,2,0.0
2025-10-11,control,0,30,1,0.0
2025-10-11,treatment,0,30,2,0.0
2025-10-12,control,1,1,1,1.0
2025-10-12,treatment,1,1,2,0.5
2025-10-12,control,0,7,1,0.0
2025-10-12,treatment,0,7,2,0.0
2025-10-12,control,1,30,1,1.0
2025-10-12,treatment,0,30,2,0.0
2025-10-13,control,2,1,3,0.6666666666666666
2025-10-13,treatment,1,1,4,0.25
2025-10-13,control,2,7,3,0.6666666666666666
2025-10-13,treatment,3,7,4,0.75
2025-10-13,control,1,30,3,0.3333333333333333
2025-10-13,treatment,3,30,4,0.75
2025-10-14,control,0,1,1,0.0
2025-10-14,treatment,1,1,1,1.0
2025-10-14,control,0,7,1,0.0
2025-10-14,treatment,1,7,1,1.0
2025-10-14,control,1,30,1,1.0
2025-10-14,treatment,0,30,1,0.0
2025-10-15,control,0,1,1,0.0
2025-10-15,treatment,1,1,1,1.0
2025-10-15,control,1,7,1,1.0
2025-10-15,treatment,1,7,1,1.0
2025-10-15,control,1,30,1,1.0
2025-10-15,treatment,0,30,1,0.0
2025-10-16,control,1,1,1,1.0
2025-10-16,treatment,1,1,1,1.0
2025-10-16,control,1,7,1,1.0
2025-10-16,treatment,0,7,1,0.0
2025-10-16,control,0,30,1,0.0
2025-10-16,treatment,0,30,1,0.0
2025-10-17,control,2,1,3,0.6666666666666666
2025-10-17,treatment,3,1,3,1.0
2025-10-17,control,3,7,3,1.0
2025-10-17,treatment,0,7,3,0.0
2025-10-17,control,2,30,3,0.6666666666666666
2025-10-17,treatment,3,30,3,1.0
2025-10-18,control,1,1,1,1.0
2025-10-18,treatment,1,1,1,1.0
2025-10-18,control,1,7,1,1.0
2025-10-18,treatment,1,7,1,1.0
2025-10-18,control,1,30,1,1.0
2025-10-18,treatment,0,30,1,0.0
2025-10-19,control,0,1,1,0.0
2025-10-19,treatment,1,1,1,1.0
2025-10-19,control,1,7,1,1.0
2025-10-19,treatment,1,7,1,1.0
2025-10-19,control,1,30,1,1.0
2025-10-19,treatment,1,30,1,1.0
2025-10-20,control,0,1,1,0.0
2025-10-20,treatment,1,1,1,1.0
2025-10-20,control,1,7,1,1.0
2025-10-20,treatment,0,7,1,0.0
2025-10-20,control,1,30,1,1.0
2025-10-20,treatment,1,30,1,1.0
2025-10-21,control,1,1,1,1.0
2025-10-21,treatment,0,1,1,0.0
2025-10-21,control,1,7,1,1.0
2025-10-21,treatment,0,7,1,0.0
2025-10-21,control,0,30,1,0.0
2025-10-21,treatment,1,30,1,1.0
2025-10-22,control,0,1,2,0.0
2025-10-22,treatment,0,1,2,0.0
2025-10-22,control,1,7,2,0.5
2025-10-22,treatment,1,7,2,0.5
2025-10-22,control,1,30,2,0.5
2025-10-22,treatment,1,30,2,0.5
2025-10-23,control,0,1,1,0.0
2025-10-23,treatment,0,1,1,0.0
2025-10-23,control,0,7,1,0.0
2025-10-23,treatment,1,7,1,1.0
2025-10-23,control,0,30,1,0.0
2025-10-23,treatment,1,30,1,1.0
2025-10-24,control,1,1,1,1.0
2025-10-24,treatment,1,1,1,1.0
2025-10-24,control,1,7,1,1.0
2025-10-24,treatment,1,7,1,1.0
2025-10-24,control,1,30,1,1.0
2025-10-24,treatment,1,30,1,1.0
2025-10-25,control,1,1,2,0.5
2025-10-25,treatment,3,1,3,1.0
2025-10-25,control,2,7,2,1.0
2025-10-25,treatment,3,7,3,1.0
2025-10-25,control,0,30,2,0.0
2025-10-25,treatment,2,30,3,0.6666666666666666
2025-10-26,control,1,1,2,0.5
2025-10-26,treatment,1,1,2,0.5
2025-10-26,control,0,7,2,0.0
2025-10-26,treatment,2,7,2,1.0
2025-10-26,control,2,30,2,1.0
2025-10-26,treatment,1,30,2,0.5
2025-10-27,control,1,1,1,1.0
2025-10-27,treatment,2,1,2,1.0
2025-10-27,control,0,7,1,0.0
2025-10-27,treatment,1,7,2,0.5
2025-10-27,control,1,30,1,1.0
2025-10-27,treatment,1,30,2,0.5
2025-10-28,control,0,1,1,0.0
2025-10-28,treatment,1,1,1,1.0
2025-10-28,control,0,7,1,0.0
2025-10-28,treatment,0,7,1,0.0
2025-10-28,control,1,30,1,1.0
2025-10-28,treatment,0,30,1,0.0
2025-10-29,control,1,1,1,1.0
2025-10-29,treatment,0,1,1,0.0
2025-10-29,control,1,7,1,1.0
2025-10-29,treatment,0,7,1,0.0
2025-10-29,control,0,30,1,0.0
2025-10-29,treatment,0,30,1,0.0
2025-10-30,control,0,1,1,0.0
2025-10-30,treatment,1,1,1,1.0
2025-10-30,control,1,7,1,1.0
2025-10-30,treatment,1,7,1,1.0
2025-10-30,control,0,30,1,0.0
2025-10-30,treatment,1,30,1,1.0
2025-10-31,control,0,1,2,0.0
2025-10-31,treatment,1,1,2,0.5
2025-10-31,control,0,7,2,0.0
2025-10-31,treatment,1,7,2,0.5
2025-10-31,control,2,30,2,1.0
2025-10-31,treatment,1,30,2,0.5
2025-11-01,control,0,1,1,0.0
2025-11-01,treatment,1,1,1,1.0
2025-11-01,control,1,7,1,1.0
2025-11-01,treatment,1,7,1,1.0
2025-11-01,control,0,30,1,0.0
2025-11-01,treatment,0,30,1,0.0
2025-11-02,control,1,1,3,0.3333333333333333
2025-11-02,treatment,2,1,3,0.6666666666666666
2025-11-02,control,1,7,3,0.3333333333333333
2025-11-02,treatment,0,7,3,0.0
2025-11-02,control,0,30,3,0.0
2025-11-02,treatment,1,30,3,0.3333333333333333
2025-11-03,control,0,1,1,0.0
2025-11-03,treatment,1,1,2,0.5
2025-11-03,control,0,7,1,0.0
2025-11-03,treatment,1,7,2,0.5
2025-11-03,control,0,30,1,0.0
2025-11-03,treatment,1,30,2,0.5
2025-11-04,control,0,1,1,0.0
2025-11-04,treatment,1,1,1,1.0
2025-11-04,control,0,7,1,0.0
2025-11-04,treatment,0,7,1,0.0
2025-11-04,control,0,30,1,0.0
2025-11-04,treatment,1,30,1,1.0
2025-11-05,control,0,1,1,0.0
2025-11-05,treatment,2,1,2,1.0
2025-11-05,control,0,7,1,0.0
2025-11-05,treatment,1,7,2,0.5
2025-11-05,control,0,30,1,0.0
2025-11-05,treatment,0,30,2,0.0
2025-11-06,control,0,1,1,0.0
2025-11-06,treatment,0,1,1,0.0
2025-11-06,control,1,7,1,1.0
2025-11-06,treatment,1,7,1,1.0
2025-11-06,control,1,30,1,1.0
2025-11-06,treatment,0,30,1,0.0
2025-11-07,control,1,1,1,1.0
2025-11-07,treatment,0,1,1,0.0
2025-11-07,control,0,7,1,0.0
2025-11-07,treatment,1,7,1,1.0
2025-11-07,control,1,30,1,1.0
2025-11-07,treatment,0,30,1,0.0
2025-11-08,control,1,1,1,1.0
2025-11-08,treatment,0,1,1,0.0
2025-11-08,control,1,7,1,1.0
2025-11-08,treatment,0,7,1,0.0
2025-11-08,control,0,30,1,0.0
2025-11-08,treatment,1,30,1,1.0
2025-11-09,control,1,1,1,1.0
2025-11-09,treatment,1,1,2,0.5
2025-11-09,control,0,7,1,0.0
2025-11-09,treatment,1,7,2,0.5
2025-11-09,control,1,30,1,1.0
2025-11-09,treatment,1,30,2,0.5
2025-11-10,control,1,1,1,1.0
2025-11-10,treatment,1,1,1,1.0
2025-11-10,control,0,7,1,0.0
2025-11-10,treatment,1,7,1,1.0
2025-11-10,control,1,30,1,1.0
2025-11-10,treatment,0,30,1,0.0
2025-11-11,control,0,1,3,0.0
2025-11-11,treatment,3,1,4,0.75
2025-11-11,control,3,7,3,1.0
2025-11-11,treatment,2,7,4,0.5
2025-11-11,control,0,30,3,0.0
2025-11-11,treatment,4,30,4,1.0
2025-11-12,control,1,1,2,0.5
2025-11-12,treatment,3,1,3,1.0
2025-11-12,control,2,7,2,1.0
2025-11-12,treatment,3,7,3,1.0
2025-11-12,control,1,30,2,0.5
2025-11-12,treatment,2,30,3,0.6666666666666666
2025-11-13,control,1,1,1,1.0
2025-11-13,treatment,1,1,1,1.0
2025-11-13,control,1,7,1,1.0
2025-11-13,treatment,1,7,1,1.0
2025-11-13,control,0,30,1,0.0
2025-11-13,treatment,1,30,1,1.0
2025-11-14,control,0,1,1,0.0
2025-11-14,treatment,1,1,1,1.0
2025-11-14,control,1,7,1,1.0
2025-11-14,treatment,1,7,1,1.0
2025-11-14,control,1,30,1,1.0
2025-11-14,treatment,1,30,1,1.0
2025-11-15,control,1,1,1,1.0
2025-11-15,treatment,0,1,1,0.0
2025-11-15,control,1,7,1,1.0
2025-11-15,treatment,0,7,1,0.0
2025-11-15,control,1,30,1,1.0
2025-11-15,treatment,0,30,1,0.0
2025-11-16,control,0,1,1,0.0
2025-11-16,treatment,0,1,1,0.0
2025-11-16,control,1,7,1,1.0
2025-11-16,treatment,0,7,1,0.0
2025-11-16,control,0,30,1,0.0
2025-11-16,treatment,0,30,1,0.0
2025-11-17,control,0,1,1,0.0
2025-11-17,treatment,1,1,1,1.0
2025-11-17,control,0,7,1,0.0
2025-11-17,treatment,0,7,1,0.0
2025-11-17,control,1,30,1,1.0
2025-11-17,treatment,1,30,1,1.0
2025-11-18,control,1,1,3,0.3333333333333333
2025-11-18,treatment,1,1,3,0.3333333333333333
2025-11-18,control,2,7,3,0.6666666666666666
2025-11-18,treatment,1,7,3,0.3333333333333333
2025-11-18,control,2,30,3,0.6666666666666666
2025-11-18,treatment,2,30,3,0.6666666666666666
2025-11-19,control,0,1,1,0.0
2025-11-19,treatment,1,1,1,1.0
2025-11-19,control,1,7,1,1.0
2025-11-19,treatment,1,7,1,1.0
2025-11-19,control,1,30,1,1.0
2025-11-19,treatment,1,30,1,1.0
2025-11-20,control,1,1,3,0.3333333333333333
2025-11-20,treatment,2,1,3,0.6666666666666666
2025-11-20,control,1,7,3,0.3333333333333333
2025-11-20,treatment,1,7,3,0.3333333333333333
2025-11-20,control,1,30,3,0.3333333333333333
2025-11-20,treatment,3,30,3,1.0
2025-11-21,control,0,1,1,0.0
2025-11-21,treatment,1,1,1,1.0
2025-11-21,control,1,7,1,1.0
2025-11-21,treatment,1,7,1,1.0
2025-11-21,control,0,30,1,0.0
2025-11-21,treatment,1,30,1,1.0
2025-11-22,control,0,1,1,0.0
2025-11-22,treatment,0,1,1,0.0
2025-11-22,control,0,7,1,0.0
2025-11-22,treatment,0,7,1,0.0
2025-11-22,control,1,30,1,1.0
2025-11-22,treatment,1,30,1,1.0
2025-11-23,control,0,1,1,0.0
2025-11-23,treatment,0,1,1,0.0
2025-11-23,control,1,7,1,1.0
2025-11-23,treatment,0,7,1,0.0
2025-11-23,control,0,30,1,0.0
2025-11-23,treatment,0,30,1,0.0
2025-11-24,control,0,1,1,0.0
2025-11-24,treatment,0,1,1,0.0
2025-11-24,control,1,7,1,1.0
2025-11-24,treatment,1,7,1,1.0
2025-11-24,control,1,30,1,1.0
2025-11-24,treatment,0,30,1,0.0
2025-11-25,control,1,1,1,1.0
2025-11-25,treatment,0,1,1,0.0
2025-11-25,control,1,7,1,1.0
2025-11-25,treatment,1,7,1,1.0
2025-11-25,control,0,30,1,0.0
2025-11-25,treatment,1,30,1,1.0
2025-11-26,control,1,1,1,1.0
2025-11-26,treatment,0,1,1,0.0
2025-11-26,control,0,7,1,0.0
2025-11-26,treatment,0,7,1,0.0
2025-11-26,control,0,30,1,0.0
2025-11-26,treatment,1,30,1,1.0
2025-11-27,control,0,1,1,0.0
2025-11-27,treatment,1,1,2,0.5
2025-11-27,control,1,7,1,1.0
2025-11-27,treatment,2,7,2,1.0
2025-11-27,control,1,30,1,1.0
2025-11-27,treatment,2,30,2,1.0
2025-11-28,control,2,1,3,0.6666666666666666
2025-11-28,treatment,3,1,3,1.0
2025-11-28,control,1,7,3,0.3333333333333333
2025-11-28,treatment,3,7,3,1.0
2025-11-28,control,1,30,3,0.3333333333333333
2025-11-28,treatment,3,30,3,1.0
2025-11-29,control,1,1,1,1.0
2025-11-29,treatment,0,1,1,0.0
2025-11-29,control,1,7,1,1.0
2025-11-29,treatment,1,7,1,1.0
2025-11-29,control,0,30,1,0.0
2025-11-29,treatment,0,30,1,0.0
2025-11-30,control,3,1,3,1.0
2025-11-30,treatment,1,1,3,0.3333333333333333
2025-11-30,control,1,7,3,0.3333333333333333
2025-11-30,treatment,1,7,3,0.3333333333333333
2025-11-30,control,2,30,3,0.6666666666666666
2025-11-30,treatment,2,30,3,0.6666666666666666
2025-12-01,control,1,1,2,0.5
2025-12-01,treatment,1,1,3,0.3333333333333333
2025-12-01,control,1,7,2,0.5
2025-12-01,treatment,1,7,3,0.3333333333333333
2025-12-01,control,1,30,2,0.5
2025-12-01,treatment,3,30,3,1.0
2025-12-02,control,0,1,1,0.0
2025-12-02,treatment,1,1,1,1.0
2025-12-02,control,0,7,1,0.0
2025-12-02,treatment,0,7,1,0.0
2025-12-03,control,1,1,1,1.0
2025-12-03,treatment,2,1,2,1.0
2025-12-03,control,0,7,1,0.0
2025-12-03,treatment,1,7,2,0.5
2025-12-04,control,0,1,2,0.0
2025-12-04,treatment,1,1,3,0.3333333333333333
2025-12-04,control,1,7,2,0.5
2025-12-04,treatment,2,7,3,0.6666666666666666
2025-12-05,control,1,1,2,0.5
2025-12-05,treatment,3,1,3,1.0
2025-12-05,control,1,7,2,0.5
2025-12-05,treatment,1,7,3,0.3333333333333333
2025-12-06,control,0,1,2,0.0
2025-12-06,treatment,1,1,3,0.3333333333333333
2025-12-06,control,1,7,2,0.5
2025-12-06,treatment,1,7,3,0.3333333333333333
2025-12-07,control,0,1,1,0.0
2025-12-07,treatment,0,1,1,0.0
2025-12-07,control,1,7,1,1.0
2025-12-07,treatment,1,7,1,1.0
2025-12-08,control,0,1,1,0.0
2025-12-08,treatment,1,1,1,1.0
2025-12-08,control,1,7,1,1.0
2025-12-08,treatment,1,7,1,1.0
2025-12-09,control,1,1,1,1.0
2025-12-09,treatment,1,1,1,1.0
2025-12-09,control,0,7,1,0.0
2025-12-09,treatment,0,7,1,0.0
2025-12-10,control,0,1,1,0.0
2025-12-10,treatment,1,1,1,1.0
2025-12-10,control,0,7,1,0.0
2025-12-10,treatment,1,7,1,1.0
2025-12-11,control,1,1,2,0.5
2025-12-11,treatment,2,1,3,0.6666666666666666
2025-12-11,control,2,7,2,1.0
2025-12-11,treatment,1,7,3,0.3333333333333333
2025-12-12,control,1,1,1,1.0
2025-12-12,treatment,0,1,1,0.0
2025-12-12,control,1,7,1,1.0
2025-12-12,treatment,1,7,1,1.0
2025-12-13,control,1,1,3,0.3333333333333333
2025-12-13,treatment,1,1,4,0.25
2025-12-13,control,3,7,3,1.0
2025-12-13,treatment,1,7,4,0.25
2025-12-14,control,1,1,3,0.3333333333333333
2025-12-14,treatment,2,1,3,0.6666666666666666
2025-12-14,control,1,7,3,0.3333333333333333
2025-12-14,treatment,1,7,3,0.3333333333333333
2025-12-15,control,0,1,1,0.0
2025-12-15,treatment,1,1,1,1.0
2025-12-15,control,0,7,1,0.0
2025-12-15,treatment,1,7,1,1.0
2025-12-16,control,0,1,1,0.0
2025-12-16,treatment,1,1,1,1.0
2025-12-16,control,0,7,1,0.0
2025-12-16,treatment,0,7,1,0.0
2025-12-17,control,2,1,3,0.6666666666666666
2025-12-17,treatment,3,1,4,0.75
2025-12-17,control,0,7,3,0.0
2025-12-17,treatment,1,7,4,0.25
2025-12-18,control,1,1,2,0.5
2025-12-18,treatment,1,1,2,0.5
2025-12-18,control,1,7,2,0.5
2025-12-18,treatment,1,7,2,0.5
2025-12-19,control,0,1,1,0.0
2025-12-19,treatment,0,1,2,0.0
2025-12-19,control,0,7,1,0.0
2025-12-19,treatment,2,7,2,1.0
2025-12-20,control,1,1,2,0.5
2025-12-20,treatment,0,1,2,0.0
2025-12-20,control,1,7,2,0.5
2025-12-20,treatment,2,7,2,1.0
2025-12-21,control,0,1,3,0.0
2025-12-21,treatment,1,1,3,0.3333333333333333
2025-12-21,control,1,7,3,0.3333333333333333
2025-12-21,treatment,2,7,3,0.6666666666666666
2025-12-22,control,1,1,1,1.0
2025-12-22,treatment,1,1,1,1.0
2025-12-22,control,0,7,1,0.0
2025-12-22,treatment,1,7,1,1.0
2025-12-23,control,0,1,4,0.0
2025-12-23,treatment,2,1,4,0.5
2025-12-23,control,1,7,4,0.25
2025-12-23,treatment,3,7,4,0.75
2025-12-24,control,0,1,1,0.0
2025-12-24,treatment,1,1,1,1.0
2025-12-24,control,1,7,1,1.0
2025-12-24,treatment,1,7,1,1.0
2025-12-25,control,0,1,1,0.0
2025-12-25,treatment,1,1,1,1.0
2025-12-26,control,1,1,1,1.0
2025-12-26,treatment,1,1,1,1.0
2025-12-27,control,1,1,2,0.5
2025-12-27,treatment,0,1,2,0.0
2025-12-28,control,0,1,1,0.0
2025-12-28,treatment,0,1,1,0.0
2025-12-29,control,0,1,1,0.0
2025-12-29,treatment,1,1,1,1.0
2025-12-30,control,1,1,1,1.0
2025-12-30,treatment,1,1,1,1.0
